"page","term","title","authors","year","n_citations","abstract"
1,"miR-291a-3p","MiR‐291a‐3p regulates the BMSCs differentiation via targeting DKK1 in dexamethasone‐induced osteoporosis","ZH Li, H Hu, XY Zhang, GD Liu, B Ran","2020",36,"… Our study suggests that miR-291a-3p plays an important role … In this study, we examined 
the effects of miR-291a-3p on … We also checked the relationship between miR-291a-3p and …"
1,"miR-291a-3p","Targeting circNCLN/miR-291a-3p/TSLP signaling axis alleviates lipopolysaccharide-induced acute lung injury","J Cao, D Kuang, M Luo, S Wang, C Fu","2022",8,"… We demonstrated for the first time that miR-291a-3p could … sponge to antagonize miR-291a-3p 
and thereby maintaining the … Therefore, our results suggested that circNCLN/miR-291a-3p/…"
1,"miR-291a-3p","Embryonic stem cell–derived mmu-miR-291a-3p inhibits cellular senescence in human dermal fibroblasts through the TGF-β receptor 2 pathway","YU Bae, Y Son, CH Kim, KS Kim","2019",56,"… -miR-291a-3p, showed similar anti-senescence activity. Furthermore, mmu-miR-291a-3p … 
Our results indicate that the ESC-derived mmu-miR-291a-3p is a novel candidate agent that …"
1,"miR-291a-3p","MiR-291a-3p regulates the BMSCs differentiation via targeting DKK1 in dexamethasone-induced osteoporosis.","LZH Li ZheHai, HH Hu He, ZXY Zhang XiaoYan","2020",NA,"… MiR-291a-3p regulates the BMSCs differentiation via targeting DKK1 in dexamethasone-… 
Our study suggests that miR-291a-3p plays an important role in preventing osteoporosis and …"
