"page","term","title","authors","year","n_citations","abstract"
1,"let-7f-2-3p","Upregulation of let-7f-2-3p by long noncoding RNA NEAT1 inhibits XPO1-mediated HAX-1 nuclear export in both in vitro and in vivo rodent models of doxorubicin …","Y Liu, C Duan, W Liu, X Chen, Y Wang, X Liu, J Yue","2019",NA,"… upregulation of miRNA let-7f-2-3p by long noncoding … let-7f-2-3p were selected from 
the Dox or vehicle-treated cardiomyocytes. TargetScan and luciferase assay showed that let-7f-2-3p …"
1,"let-7f-2-3p","[PDF][PDF] Wirkung der mikroRNAs miR-30a-5p und let-7f-2-3p auf die Angiogenese in vitro durch Regulation von CCM3","A Eikenbusch","2021",NA,"… Zusammenfassend ergeben sich Hinweise, dass CCM3 von miR-103a- 3p, miR-30a-5p 
und let-7f-2-3p reguliert wird und dass besonders miR-30a-5p proangiogene Eigenschaften …"
1,"let-7f-2-3p","[ЦИТИРОВАНИЕ][C] Wirkung der mikroRNAs miR-30a-5p und let-7f-2-3p auf die Angiogenese in vitro durch Regulation von CCM3","AM Grimm","2019",NA,""
