"page","term","title","authors","year","n_citations","abstract"
1,"miR-3064","Dendritic cell‐derived exosomal miR‐3064‐5p inhibits SIRT6/PCSK9 to protect the blood‐brain barrier after subarachnoid hemorrhage","Y Wang, L Zhang, L Lv, Z Zhou","2023",4,"… In this study, the low expression of miR-3064-5p in SAH was predicted by bioinformatics … 
of miR-3064-5p in DCs and their secreted exosomes and explored the role of miR-3064-5p in …"
1,"miR-3064","[HTML][HTML] MiR-3064 in epicardial adipose-derived exosomes targets neuronatin to regulate adipogenic differentiation of epicardial adipose stem cells","W Yang, H Tu, K Tang, H Huang, S Ou","2021",15,"… of miR-3064-5p after adding exosome-shuttling miR-3064-5p inhibitors to the cell culture 
medium of EASCs. 24 h after incubation, the expression of miR-3064… O staining in miR-3064-5p …"
1,"miR-3064","[HTML][HTML] miR-3064-5p and miR-4745-5p affect heparin sensitivity in patients undergoing cardiac surgery by regulating AT-III and factor X mRNA levels","HP Ma, M Fu","2022",3,"… -III, and only miR-3064-5p showed a statistically … miR-3064-5p was closely related to AT-III 
gene mRNA, and there was a negative correlation between the two, suggesting that miR-3064…"
1,"miR-3064","[HTML][HTML] The Accelerated Progression of Atherosclerosis Correlates with Decreased miR-33a and miR-21 and Increased miR-122 and miR-3064-5p in Circulation and …","HY Luo, G Li, YG Liu, YH Wei, JB Chen, XF Gu","2022",3,"… Furthermore, miR-3064-… miR-3064-5p were increased in both the blood and liver of ApoE-/- 
mice with T2D compared to the control mice. According to our unpublished study, miR-3064-…"
