"page","term","title","authors","year","n_citations","abstract"
1,"miR-106b","MiR-106b and MiR-15b modulate apoptosis and angiogenesis in myocardial infarction","Z Liu, D Yang, P Xie, G Ren, G Sun, X Zeng","2012",110,"… Finally, we detected that miR-106b was able to decrease p21 expression directly by using 
a construct which included the putative miR-106b binding sequence in the 3’-UTR of p21 …"
1,"miR-106b","Emerging Role of miR-106b-25/miR-17-92 Clusters in the Control of Transforming Growth Factor β Signaling","F Petrocca, A Vecchione, CM Croce","2008",502,"… ) parallels miR-106b-25 precursor down-regulation. Although the possibility of a miR-106b-… 
−5,000 bp from the miR-106b-25 locus, whereas MCM7 mRNA and miR-106b-25 precursor …"
1,"miR-106b","Downregulation of serum miR-106b: a potential biomarker for Alzheimer disease","S Madadi, M Saidijam, B Yavari","2022",19,"… In this study, we investigated the serum levels of miR-106b as a diagnostic biomarker for 
AD … of miR-106b were measured with real-time PCR. Here, we found that miR-106b was …"
1,"miR-106b","[HTML][HTML] Clinical relevance of plasma miR-106b levels in patients with chronic obstructive pulmonary disease","S Soeda, JH Ohyashiki, K Ohtsuki","2013",70,"… for miR-106b; therefore, we chose miR-106b for further analysis. Moreover, the level of plasma miR-106b … Among the control subjects, no significant difference in plasma miR-106b level …"
3,"miR-106b","Differential expression of MiR-106b-5p and MiR-200c-3p in newly diagnosed versus chronic primary immune thrombocytopenia patients based on systematic analysis","C Qian, W Yan, T Li, Q Cui, P Liu, M Gu, J Guo","2018",NA,"… (0.92) was obtained for differential miR-106b-5p expression … miR-106b-5p is thought to 
be involved in the development of … Serum miR-106b-5p has been shown to be a potential …"
3,"miR-106b","[HTML][HTML] The oncogenic relevance of miR-17-92 cluster and its paralogous miR-106b-25 and miR-106a-363 clusters in brain tumors","R Gruszka, M Zakrzewska","2018",NA,"… miR-106b-25 cluster is located on chromosome 7 within the intron 13 region of the MCM7 
gene. The miR-106b-25 cluster encodes miR-106b, … -92a-1, and miR-106b expressions were …"
3,"miR-106b","miR-106b-5p and miR-17-5p suppress osteogenic differentiation by targeting Smad5 and inhibit bone formation","T Fang, Q Wu, L Zhou, S Mu, Q Fu","2016",NA,"… of miR-106b-5p and miR-17-5p on osteogenic differentiation. We observed an obvious 
decreasement in miR-106b… -of function experiments, we noticed that miR-106b-5p and miR-17-5p …"
4,"miR-106b","[HTML][HTML] Up-regulated miR-106b inhibits ox-LDL-induced endothelial cell apoptosis in atherosclerosis","Y Zhang, L Wang, J Xu, X Kong, L Zou","2020",NA,"… in the miR-106b mimics+ox-LDL group were significantly lower than those in the miR-106b 
NC+… Moreover, the mRNA and protein levels of PTEN in the mir-106b mimics+PTEN+ox-LDL …"
4,"miR-106b","Role of miR-106b-5p in the regulation of gene profiles in endothelial cells","J Zhang, SF Li, H Chen, JX Song","2019",NA,"… 选取从两组网络中得到的共表达地位差异最为显著的miR-106b-5p进一步研究,通过转染miR-106b-5p 
mimics上调人脐静脉内皮细胞的miR-106b-5p表达水平,筛查转染后差异基因表达谱,并…"
4,"miR-106b","Downregulation of miR-106b attenuates inflammatory responses and joint damage in collagen-induced arthritis","Y Tao, Z Wang, L Wang, J Shi, X Guo, W Zhou","2017",NA,"… effect of miR-106b (miR-106b-5p) … of miR-106b is examined. On day 22, mice were given 
lentiviral negative control, lentiviral-mediated miR-106b mimics or lentiviral-mediated miR-106b …"
4,"miR-106b","The miR-106b-25 polycistron, activated by genomic amplification, functions as an oncogene by suppressing p21 and Bim","T Kan, F Sato, T Ito, N Matsumura, S David, Y Cheng","2009",NA,"… Herein, we describe novel findings showing that (1) the miR 106b-25 polycistron is … associated 
with activation of the miR 106b-25 polycistron; and (3) the miR 106b-25 polycistron exerts …"
5,"miR-106b","[HTML][HTML] The three paralogous microRNA clusters in development and disease, miR-17-92, miR-106a-363, and miR-106b-25","C Khuu, TP Utheim, A Sehic","2016",NA,"… Translation of E2F1 is inhibited by miR-106b and miR-93 (derived from this cluster)… miR-106b/miR-93, 
and transcription of the Mcm7 gene. The role of miRNAs encoded by the miR-106b…"
5,"miR-106b","MiR-20a and miR-106b negatively regulate autophagy induced by leucine deprivation via suppression of ULK1 expression in C2C12 myoblasts","H Wu, F Wang, S Hu, C Yin, X Li, S Zhao, J Wang","2012",NA,"… -20a and miR-106b, may participate … miR-106b by specific antagomir in C2C12 cells showed 
normal autophagic activity. Altogether, our data demonstrated that miR-20a and miR-106b …"
5,"miR-106b","[HTML][HTML] miR-106b suppresses pathological retinal angiogenesis","C Ménard, AM Wilson, A Dejda, K Miloudi","2020",NA,"… We recently demonstrated that levels of miR-106b were … Here we show that expression 
of the miR-106b-25 cluster is … A reduction in levels of miR-106b triggers vascular growth …"
5,"miR-106b","[HTML][HTML] Macrophage secretion of miR-106b-5p causes renin-dependent hypertension","J Oh, SJ Matkovich, AE Riek, SM Bindom","2020",NA,"… miR-106b-5p was the source of increased miR-106b-5p in JG cells, we proactively silenced 
endogenous miR-106b in … with siRNA against pre-miR-106b, then cocultured these cells with …"
5,"miR-106b","[HTML][HTML] Circulating plasma levels of miR-106b-5p predicts maximal performance in female and male elite kayakers","I Torres-Aguilera, P Pinto-Hernandez","2023",NA,"… value on sports performance of plasma miR-106b-5p levels in elite … Moreover, miR-106b-5p 
levels were downregulated in … was to analyze the response of miR-106b-5p in both sexes …"
6,"miR-106b","miR-106b inhibits tau phosphorylation at Tyr18 by targeting Fyn in a model of Alzheimer's disease","W Liu, J Zhao, G Lu","2016",NA,"… In this study, we investigated the role of miR-106b in tau … of miR-106b was decreased, but 
Fyn was increased in the temporal cortex of AD patients. Overexpression of miR-106b inhibited …"
6,"miR-106b","Identification of miR-106b-93 as a negative regulator of brown adipocyte differentiation","Y Wu, J Zuo, Y Zhang, Y Xie, F Hu, L Chen","2013",NA,"… miR-106b-93 cluster in the differentiation of brown adipocytes. We found that knockdown of miR-106b … Taken together, our results identify miR-106b and miR-93 as negative regulators …"
6,"miR-106b","miR-106b aberrantly expressed in a double transgenic mouse model for Alzheimer's disease targets TGF-β type II receptor","H Wang, J Liu, Y Zong, Y Xu, W Deng, H Zhu, Y Liu","2010",NA,"… sites for miR-106b in the 3′ UTR of the TβR II mRNA. Our results showed that the expression 
of miR-106b was inversely correlated with TβR II protein levels and miR-106b can directly …"
6,"miR-106b","[HTML][HTML] MiR-106b exhibits an anti-angiogenic function by inhibiting STAT3 expression in endothelial cells","A Maimaiti, A Maimaiti, Y Yang, Y Ma","2016",NA,"… miR-106b represses STAT3 expression, while miR-106b inhibition resulted in STAT3 up-regulation. 
Ultimately, luciferase assay confirmed STAT3 mRNA is the direct target of miR-106b. …"
6,"miR-106b","MiR-106b impairs cholesterol efflux and increases Aβ levels by repressing ABCA1 expression","J Kim, H Yoon, CM Ramírez, SM Lee, HS Hoe","2012",NA,"… identified miR-106b as a novel regulator of ABCA1 expression and Aβ metabolism. miR-106b … 
In this study, we identified that miR-106b functions as a novel regulator of Aβ production …"
6,"miR-106b","hsa-miR-106b-5p participates in the development of chronic thromboembolic pulmonary hypertension via targeting matrix metalloproteinase 2","R Miao, X Dong, J Gong, Y Wang, X Guo","2020",NA,"… 2 (MMP2) as well as downregulation of hsa-let-7b-3p, hsa-miR-17-5p, and hsa-miR-106b-5p. 
Luciferase assay indicated that MMP2 was negatively mediated by hsa-miR-106b-5p. …"
6,"miR-106b","The miR-106b-25 cluster mediates breast tumor initiation through activation of NOTCH1 via direct repression of NEDD4L","AL Guarnieri, CG Towers, DJ Drasin, MUJ Oliphant","2018",NA,"… in breast cancer via the miR-106b-25 miRNA cluster. We show that the miR-106b-25 cluster 
… of NOTCH1 is necessary for TIC induction downstream of miR-106b-25 in both ER + and …"
6,"miR-106b","Two miRNA Clusters, Mir-17-92 (Mirc1) and Mir-106b-25 (Mirc3), Are Involved in the Regulation of Spermatogonial Differentiation in Mice","MH Tong, DA Mitchell, SD McGowan","2012",NA,"… Mir-106b-25 (Mirc3) cluster. We performed qRT-PCR analysis to compare the expression of 
members of the Mir-106b… the levels of three members of the Mir-106b-25 (Mirc3) cluster were …"
7,"miR-106b","[HTML][HTML] The microRNA cluster miR-106b~ 25 regulates adult neural stem/progenitor cell proliferation and neuronal differentiation","JO Brett, VM Renault, VA Rafalski, AE Webb","2011",NA,"… site near the promoter for miR-106b~25 in NSPCs, raising the possibility of a FoxO-… miR-106b~25 is important for adult NSPC proliferation in self-renewal conditions. To inhibit miR-106b…"
7,"miR-106b","Circulating miR-106b-5p serves as a diagnostic biomarker for asymptomatic carotid artery stenosis and predicts the occurrence of cerebral ischemic events","T Zhang, Z Chen, X Yang, R Fu, J Wang","2020",NA,"… and diagnostic value of miR-106b-5p in asymptomatic … the miR-106b-5p level. The receiver 
operating characteristic (ROC) curve was plotted to assess the diagnostic value of miR-106b-…"
7,"miR-106b","Expression of miR-106b-25 induced by salvianolic acid B inhibits epithelial-to-mesenchymal transition in HK-2 cells","Q Tang, H Zhong, F Xie, J Xie, H Chen","2014",NA,"… -β signaling, might be a direct target of the miR-106b-25 cluster. In turn, low levels of TGF-β … 
the increase of miR-106b. In conclusion, our data suggest that the miR-106b-25 cluster may …"
7,"miR-106b","Identification of miR-17, miR-21, miR-27a, miR-106b and miR-222 as endoplasmic reticulum stress-related potential biomarkers in circulation of patients with …","P Telkoparan-Akillilar, D Cevik","2021",NA,"… in patient samples is miR-106b (Table 2). We detected miR-106b level to be up-regulated 
significantly, with a fold change of 3.29 in patients. Additionally, miR-106b expression level is …"
7,"miR-106b","miR-106b Fine Tunes ATG16L1 Expression and Autophagic Activity in Intestinal Epithelial HCT116 Cells","Z Zhai, F Wu, AY Chuang","2013",NA,"… the miR-106b∼25 cluster, we cotransfected the cells with the WT or mutated full-length 3’UTR 
vectors and each individual miR-106b… , transfection of either the miR-106b or the miR-93 …"
7,"miR-106b","miR-106b-5p induces immune imbalance of Treg/Th17 in immune thrombocytopenic purpura through NR4A3/Foxp3 pathway","JQ Li, JM Tian, XR Fan, ZY Wang, J Ling, XF Wu","2020",NA,"… miR-106b-5p, and miR-106b-5p was able to negatively modulate NR4A3 expression. Moreover, 
we found miR-106b-… In vivo experiments revealed that silencing miR-106b-5p promoted …"
7,"miR-106b","[HTML][HTML] miR-106b promotes cell invasion and metastasis via PTEN mediated EMT in ESCC","J Zhang, D Chen, S Liang, J Wang","2018",NA,"… that miR‑106b was upregulated in ESCC tissues and cell lines. Furthermore, miR‑106b 
expression in … In summary, the present study revealed that miR‑106b contributed to invasion and …"
8,"miR-106b","Identification of the miR-106b~25 MicroRNA Cluster as a Proto-Oncogenic PTEN-Targeting Intron That Cooperates with Its Host Gene MCM7 in Transformation","L Poliseno, L Salmena, L Riccardi, A Fornari","2010",NA,"… We showed that miR-22 and the miR-106b~25 cluster are … We demonstrated that the 
intronic miR-106b~25 cluster … To further investigate the oncogenic capabilities of miR-106b…"
8,"miR-106b","The miR-106b-25 cluster targets Smad7, activates TGF-β signaling, and induces EMT and tumor initiating cell characteristics downstream of Six1 in human breast …","AL Smith, R Iwanaga, DJ Drasin, DS Micalizzi","2012",NA,"… a significant correlation between miR-106b, Six1, and … We also demonstrate that 
overexpression of the miR-106b-25 … a significant correlation between miR-106b expression and …"
8,"miR-106b","[HTML][HTML] Perk-dependent repression of miR-106b-25 cluster is required for ER stress-induced apoptosis","S Gupta, DE Read, A Deepti, K Cawley, A Gupta","2012",NA,"… of the miR-106b-25 cluster … to miR-106b-25 cluster in wild-type (WT) but not in Perk −/− 
MEFs. Further, we show that expression of miR-106b-25 and Mcm-7 (host gene of miR-106b-25) …"
8,"miR-106b","Engineering and optimization of the miR-106b cluster for ectopic expression of multiplexed anti-HIV RNAs","LA Aagaard, J Zhang, KJ von Eije, H Li, P Sætrom","2008",NA,"… We based our work on the tri-cistronic miR-106b cluster located in … We initially cloned the miR-106b cluster into a … observed for miR-93 (60%) and miR-106b (50%). This order of efficacy …"
8,"miR-106b","[HTML][HTML] RETRACTED: Overexpressed miR-106b-5p promotes epithelial-mesenchymal transition in endometriosis by targeting PTEN","F Hu, Y Wang, X Wu, S Liu, H Ren, W Zhou","2022",NA,"… rescue the effect of miR- 106b-5p on cell capacity. In conclusion, miR-106b-5p modified … 
These findings indicate that inhibition of miR-106b-5p may be an effective therapeutic strategy …"
9,"miR-106b","[HTML][HTML] Oxidative stress-induced mitophagy is suppressed by the miR-106b-93-25 cluster in a protective manner","C Zhang, P Nie, C Zhou, Y Hu, S Duan, M Gu","2021",NA,"… O 2 promotes the expression of the miR-106b-93-25 cluster and that miR-106b and miR-93 … 
of miR-106b-93-25 cluster expression upon H 2 O 2 induction. Furthermore, miR-106b-…"
9,"miR-106b","Simvastatin ameliorate memory deficits and inflammation in clinical and mouse model of Alzheimer's disease via modulating the expression of miR-106b","W Huang, Z Li, L Zhao, W Zhao","2017",NA,"… (lnc RNA) n336694 and miR-106b was overexpressed in APP/… miR-106b was explored 
using the method of Target Scan bioinformatics predictions, the results revealed that miR-106b …"
9,"miR-106b","[HTML][HTML] Protective role of matrine in sepsis-associated cardiac dysfunction through regulating the lncRNA PTENP1/miR-106b-5p axis","Y Liu, L Liu, J Zhang","2021",NA,"… By matrine administration, the expression of PTENP1 was downregulated, but miR-106b-5p … 
PTENP1 or the knockdown of miR-106b-5p, and the overexpression of miR-106b-5p could …"
9,"miR-106b","[HTML][HTML] MicroRNAs MiR-17, MiR-20a, and MiR-106b act in concert to modulate E2F activity on cell cycle arrest during neuronal lineage differentiation of USSC","HI Trompeter, H Abbad, KM Iwaniuk, M Hafner","2011",NA,"… miR-106b were found consistently downregulated in all USSC lines differentiated into cells 
of neuronal lineage. (B) Expression of miR-17, miR-20a, and miR-106b … -20a, and miR-106b …"
9,"miR-106b","Molecular network of miR-106b-5p regulating osteoporotic fracture in the elderly","H Wang, L Li, T Yilihamu, X Liu","2022",NA,"… miR-106b-5p为关键调控基 因,其靶标基因主要与MAPK活性的激活等生物功能以及PI3K-Akt和
转化生长因子β信号通路相关;②qPCR结果验证了miR-106b-… miR-106b-5p可能抑制骨质疏 松性…"
9,"miR-106b","Deficiency of the onco-miRNA cluster, miR-106b∼25, causes oligozoospermia and the cooperative action of miR-106b∼25 and miR-17∼92 is required to maintain …","A Hurtado, R Palomino, I Georg, M Lao","2020",NA,"… carrying predicted targets for the miR-106b/93 seed family (red lines) and the miR-25 seed 
family (blue lines) and showing upregulation between controls and miR-106b∼25 KO testes. …"
9,"miR-106b","[HTML][HTML] MiR-106b-5p Regulates the Reprogramming of Spermatogonial Stem Cells into iPSC (Induced Pluripotent Stem Cell)-Like Cells","AHH Fard, M Valizadeh, Z Mazaheri","2022",NA,"… , we selected miR-106b-5p, a member of the miR-106b-25 … Besides, in iPSC, the miR-106b-25 
cluster is induced in early … TGFBR2 and CDKN1A (p21) are also targets of miR-106b …"
10,"miR-106b","[HTML][HTML] miR-106b regulates the proliferation and differentiation of neural stem/progenitor cells through Tp53inp1-Tp53-Cdkn1a axis","X Xia, H Lu, C Li, Y Huang, Y Wang, X Yang","2019",NA,"… and Cdkn1a are direct targets of miR-106b. Finally, the loss of function … miR-106b 
downregulation on the proliferation and differentiation of NPCs. Hence, our results highlight …"
10,"miR-106b","miR-106b-5p attenuates neuropathic pain by regulating the P2x4 receptor in the spinal cord in mice","H Du, D Wu, S Zhong, X Wei, Z Yuan","2022",NA,"… miR-106b-5p (one of the downregulated miRNAs) using bioinformatics technology; quantitative 
real-time PCR analysis confirmed the change in expression of miR-106b-… and miR-106b-…"
10,"miR-106b","DLC-1 down-regulation via exosomal miR-106b-3p exchange promotes CRC metastasis by the epithelial-to-mesenchymal transition","F Mannavola, G Pezzicoli, M Tucci","2020",NA,"… The Authors also demonstrated an increase in serum exosomal miR-106b-3p in patients 
with metastatic CRC, suggesting its potential implication as a prognostic biomarker. These …"
11,"miR-106b","[HTML][HTML] Mir-106b cluster regulates primordial germ cells differentiation from human mesenchymal stem cells","S Mahboudi, K Parivar, Z Mazaheri, S Irani","2021",NA,"… by miR-106b were successfully differentiated into PGCs. The results of this study also showed 
that the expression of miR-106b … by lentivector expressing miR-106b in comparison with …"
11,"miR-106b","[HTML][HTML] Antagonist targeting miR‑106b‑5p attenuates acute renal injury by regulating renal function, apoptosis and autophagy via the upregulation of TCF4","JM Hu, LJ He, PB Wang, Y Yu","2021",NA,"… ‑5p is a kidney function‑related miRNA; however, whether miR‑106b‑5p regulates the … 
of miR‑106b‑5p antagonist on the regulation of ARI progression. It was found that miR‑106b‑5p …"
11,"miR-106b","[HTML][HTML] Integrative analysis of NSCLC identifies LINC01234 as an oncogenic lncRNA that interacts with HNRNPA2B1 and regulates miR-106b biogenesis","Z Chen, X Chen, T Lei, Y Gu, J Gu, J Huang, B Lu","2020",NA,"The discovery of long noncoding RNAs (lncRNAs) has increased our understanding of the 
development and progression of many cancers, but their contributions to non-small cell lung …"
11,"miR-106b","miR-106b-5p intensifies the proliferative potential of spermatogonial stem cells as a prerequisite for male infertility treatment","AH Hasani Fard, M Valizadeh, Z Mazaheri","2022",NA,"… miR-106b has shown noticeable features in the regulation of SSCs [12, 13]. According to 
the collective outcomes of the studies reported here, we hypothesized that miR-106b-… miR-106b-…"
11,"miR-106b","[HTML][HTML] Propofol Inhibits Microglial Activation via miR-106b/Pi3k/Akt Axis","J Liu, P Ai, Y Sun, X Yang, C Li, Y Liu, X Xia","2021",NA,"… one of the most affected pathways after miR-106b perturbation of function via RNA sequencing 
(RNA-seq) analysis. Lastly, we showed that miR-106b achieve its anti-inflammatory roles …"
12,"miR-106b","Knockdown of Mmu-circ-0001380 attenuates myocardial ischemia/reperfusion injury via modulating miR-106b-5p/Phlpp2 axis","L Wang, C Wang, Z Sun, A Du, F Shan","2023",NA,"… Mmu-miR-106b-5p interacted with circ-0001380, and … The miR-106b-5p/Phlpp2 axis mediated 
the effect of circ-0001380 on OGD… MI/R injury via regulating the miR-106b-5p/Phlpp2 axis. …"
12,"miR-106b","Overexpression of long non-coding RNA SNHG16 against cerebral ischemia-reperfusion injury through miR-106b-5p/LIMK1 axis","H Pan, F Zhao, Y Yang, N Chang","2020",NA,"… MiR-106b-5p was transcribed from the miR-106b-25 cluster and located in human … a 
potential target of miR-106b-5p. We further confirmed that LIMK1 is a direct target of miR-106b-5p. …"
12,"miR-106b","Associations of high expression of miR-106b-5p detected from FFPE sample with poor prognosis of RCC patients","K Liu, X Pan, X Peng, C Zhang, H Li, X Guan","2019",NA,"… to FFPE specimens and extracted miR-106b-5p from FFPE specimens. … miR-106b-5p 
and it may also value for the future studies that we could explore the prognosis value of miR-106b…"
12,"miR-106b","miR-132-3p, miR-106b-5p, and miR-19b-3p Are associated with brain-derived neurotrophic factor production and clinical activity in multiple sclerosis: a pilot study","F Sağır, N Ersoy Tunalı, T Tombul, G Koral","2021",NA,"… Furthermore, our results also suggest that sustained elevation of miR-132-3p and miR-106b-5p 
in the SPMS stage appears to be increasing the deterioration pace of disability (ie, …"
12,"miR-106b","[HTML][HTML] Mycobacterium tuberculosis modulates miR-106b-5p to control cathepsin S expression resulting in higher pathogen survival and poor T-cell activation","D Pires, EM Bernard, JP Pombo, N Carmo","2017",NA,"… miR-106b-5p were specifically upregulated by pathogenic mycobacteria. Here, we show that miR-106b… Using an in silico prediction approach, we identified miR-106b-5p with a potential …"
13,"miR-106b","miR-106b-5p upregulation is associated with microglial activation and inflammation in the mouse hippocampus following status epilepticus","T Yu, H Fu, JJ Sun, DR Ding, H Wang","2021",NA,"… this study were consistent with increased miR-106b serum levels in epilepsy patients in 
previous reports (An et al. 2016; Wang et al. 2015). Targeting miR-106b-5p-mediated inhibition …"
13,"miR-106b","MiR-106b-5p inhibits tumor necrosis factor-α-induced apoptosis by targeting phosphatase and tensin homolog deleted on chromosome 10 in vascular endothelial …","J Zhang, SF Li, H Chen, JX Song","2016",NA,"… PTEN is a direct target of miR-106b-5p, we cloned the putative miR-106b-5p binding site 
on … miR-106b-5p mimics into HUVEC [Figure 2a]. We found that overexpression of miR-106b-5p …"
13,"miR-106b","[HTML][HTML] The miR-106b∼ 25 cluster promotes bypass of doxorubicin-induced senescence and increase in motility and invasion by targeting the E-cadherin …","Y Zhou, Y Hu, M Yang, P Jat, K Li","2014",NA,"… To determine whether the miR-106b∼25 cluster might be directly … the miR-106b∼25 
cluster in a lentiviral vector and generated stable transfectants of MTMEC cells (MTMEC-miR-106b…"
13,"miR-106b","Silencing miR-106b accelerates osteogenesis of mesenchymal stem cells and rescues against glucocorticoid-induced osteoporosis by targeting BMP2","K Liu, Y Jing, W Zhang, X Fu, H Zhao, X Zhou, Y Tao","2017",NA,"… miR-106b (miR-106b-5p) negatively regulated osteogenic differentiation of mesenchymal 
stem cells in vitro. Then, we found that miR-106b … and mechanism of miR-106b in negatively …"
14,"miR-106b","[HTML][HTML] Electroacupuncture-Modulated MiR-106b-5p Expression Enhances Autophagy by Targeting Beclin-1 to Promote Motor Function Recovery After Spinal Cord …","S Guo, J Chen, Y Yang, X Li, Y Tang, Y Gui, J Chen","2023",NA,"… miR-106b-5p in the EA treatment of an SCI. … miR-106b-5p in SCI remains unclear, warranting 
further investigation. Therefore, we aimed to explore the relationship between the miR-106b…"
14,"miR-106b","Resveratrol protects against ox-LDL-induced endothelial dysfunction in atherosclerosis via depending on circ_0091822/miR-106b-5p-mediated upregulation of TLR4","J Chen, Y Liu, Y Liu, J Peng","2022",NA,"… the miRNA target for circ_0091822 which contained miR-106b-5p binding sites. In addition, 
circ_0091822 could inhibit miR-106b-5p level via interacting with miR-106b-5p to induce the …"
14,"miR-106b","[PDF][PDF] Analyzing miR-106b-5p and miR-93-5p as Promising Diagnostic Markers for Autism Spectrum Disorder","A Safdar, S Khurshid, U Farwa","2021",NA,"… For this purpose, this study identified and examined two miRNAs, namely miR-106b-5p 
and miR-93-5p, which can act as biomarkers and aid in early treatment of ASD …"
14,"miR-106b","[HTML][HTML] TSA suppresses miR-106b-93-25 cluster expression through downregulation of MYC and inhibits proliferation and induces apoptosis in human EMC","ZN Zhao, JX Bai, Q Zhou, B Yan, WW Qin, LT Jia","2012",NA,"… We further identified MYC as a regulator of miR-106b-93-25 cluster and demonstrated its … miR-106b-93-25 cluster and up-regulation of p21 and BIM. More important, we found miR-106b…"
14,"miR-106b","[HTML][HTML] Elevated circulating hsa-miR-106b, hsa-miR-26a, and hsa-miR-29b in type 2 diabetes mellitus with diarrhea-predominant irritable bowel syndrome","W Tao, X Dong, G Kong, P Fang, X Huang","2016",NA,"… , hsa-miR-106b, hsa-miR-26a, and hsa-miR-29b, were found to be significantly elevated in 
T2DM with D-IBS by RT-PCR. Conclusions. Our study has indicated that hsa-miR-106b, hsa-…"
14,"miR-106b","Expression of miR-106a-5p, miR-106b-5p and TGFB1i1 in Peripheral Blood Mononuclear Cells (PBMCs) of Chemical Veterans Exposed to Sulfur Mustard with Long …","S Sepehrnia, A Mohammad Mohseni Majd","2022",NA,"… miR-106b-5p expression levels were considerably elevated in … In a ROC analysis, miR-106a-5p 
and miR-106b-5p potentially … be considered as a better biomarkers than miR-106b-5p. …"
14,"miR-106b","[HTML][HTML] CircCCNB1 silencing acting as a miR-106b-5p sponge inhibited GPM6A expression to promote HCC progression by enhancing DYNC1I1 expression and …","Y Liu, Y Cao, P Zhao, L Wu, Y Lu, Y Wang","2022",NA,"… mechanism of the hsa_circ_0001495 (circCCNB1)/miR-106b-5p/GPM6A ceRNA network in 
… of the targeted GPM6A by miR-106b-5p induced reduction of miR-106b-5p sponging, which …"
14,"miR-106b","[HTML][HTML] miR‑106b‑5p targeting SIX1 inhibits TGF‑β1‑induced pulmonary fibrosis and epithelial‑mesenchymal transition in asthma through regulation of E2F1","S Liu, X Chen, S Zhang, X Wang","2021",NA,"… present study identified that miR-106b-5p inhibited fibrosis and EMT via the miR-106b-5p/E2F1/SIX1 
signaling pathway in TGF-β1-induced BEAS-2B cells. Therefore, miR-106b-5p may …"
15,"miR-106b","Berberine alleviates oxidative stress in islets of diabetic mice by inhibiting miR‐106b expression and up‐regulating SIRT1","DL Chen, KY Yang","2017",NA,"… SIRT1 was a target gene of miR-106b. In addition, miR-106b over-expression could reverse 
… Berberine could attenuate oxidative stress of diabetic mice at least partly through miR-106b/…"
15,"miR-106b","miR-106b-5p protects against drug-induced liver injury by targeting vimentin to stimulate liver regeneration","X Lu, L Yu, J Zheng, A Li, J Li, H Lou, W Zhang, H Guo","2023",NA,"… Finally, we show the expression of serum miR106b-5p to correlate with the severity of 
clinical DILI cases exposed to various drugs to reinforce the notion of miR-106b-5p stimulating …"
15,"miR-106b","The fibroblast-like synoviocyte derived exosomal long non-coding RNA H19 alleviates osteoarthritis progression through the miR-106b-5p/TIMP2 axis","F Tan, D Wang, Z Yuan","2020",NA,"… degradation of chondrocytes via targeting miR-106b-5p. a Luciferase activities in chondrocytes 
were compared between miR-106b-5p mimic+H19-WT and miR-106b-5p mimic+H19-…"
15,"miR-106b","[HTML][HTML] miR‑106b‑5p modulates acute pulmonary embolism via NOR1 in pulmonary artery smooth muscle cells","H Chen, Q Ma, J Zhang, Y Meng","2020",NA,"… miR-106b-5p, the matured product of miR-106b, has been reported to serve an important role 
in multiple types of cancer. miR-106b… cancer (31), but miR-106b-5p promotes stem cell-like …"
15,"miR-106b","[HTML][HTML] Involvement of miR-106b in tumorigenic actions of both prolactin and estradiol","KHE Chen, K Bustamante, V Nguyen, AM Walker","2017",NA,"… mediated through miR-106b, we constructed shRNA plasmids to be used to increase 
expression of either miR-106b or anti-miR-106b. Increased expression of miR-106b essentially …"
15,"miR-106b","The miR-106b-25 cluster mediates drug resistance in myeloid leukaemias by inactivating multiple apoptotic genes","M Zhang, F Xiao, Y Li, Z Chen, X Zhang","2023",NA,"… miR-106b-25 cluster in drug resistance of haematologic malignancies has not yet been 
elucidated. Here, we show that the miR-106b-… that overexpression of the miR-106b-25 cluster or …"
16,"miR-106b","miR-106b-5p Stimulates Liver Regeneration and Protects Against Drug-Induced Liver Injury by Targeting Vimentin","X Lu, L Yu, J Zheng, A Li, J Li, H Lou, W Zhang, H Guo","X Lu, L Yu, J Zheng, A Li, J Li, H Lou, W Zhang, H Guo… - papers.ssrn.com",NA,"… the key hepatocytes under miR-106b-5p treatment. The biological function of miR-106b-5p 
was … Interpretation We report a novel mechanism of arDILI whereby miR-106b-5p safeguards …"
16,"miR-106b","Serum microRNA Expression Profiling in Malaria Patients and Bioinformatic Analysis of Hsa-miR-106b-5p","J Peng, X Peng, Y Wang, L Jiang, D Li, P Teng","2021",NA,"… the downregulation of miR-106b is positively correlated with a decrease in the immune 
protection of malaria vaccines. It has been reported that increasing the expression of miR-106b in …"
16,"miR-106b","[HTML][HTML] Silencing miR-106b improves palmitic acid-induced mitochondrial dysfunction and insulin resistance in skeletal myocytes","Y Zhang, YP Zhao, YF Gao","2015",NA,"… In the current study the effect of miR‑106b … miR-106b in the mitochondrial function and 
insulin sensitivity of skeletal myocytes was investigated under PA treatment by silencing miR-106b …"
17,"miR-106b","Repetitive magnetic stimulation promotes neural stem cells proliferation by upregulating MiR-106b in vitro","H Liu, X Han, H Chen, C Zheng, Y Yang","2015",NA,"… In the present study, the result showed that the expression levels of miR-106b and miR-93 … miR-106b cluster. Our study showed that miR-25 has an opposite trend to miR-106b and miR-…"
17,"miR-106b","[HTML][HTML] Nourin-dependent miR-137 and miR-106b: novel biomarkers for early diagnosis of myocardial ischemia in coronary artery disease patients","SA Elgebaly, RH Christenson, H Kandil, M Ibrahim","2021",NA,"… miR-137 (marker of cell damage) and miR-106b-5p (marker of … Nourin-dependent miR-137 
and miR-106b-5p can diagnose … -dependent miR-137 and miR-106b-5p will be elevated in …"
17,"miR-106b","[HTML][HTML] Nourin-dependent miR-137 and miR-106b: novel early inflammatory diagnostic biomarkers for unstable angina patients","SA Elgebaly, RH Christenson, H Kandil, N El-Khazragy","2021",NA,"… In addition, the expression pattern for miR-106b-5p in UA and STEMI patients was plotted in 
… potential of miR-106b-5p was assessed and the ROC analysis revealed that miR-106b-5p is …"
17,"miR-106b","Circ-PRKCI alleviates lipopolysaccharide-induced human kidney 2 cell injury by regulating miR-106b-5p/GAB1 axis","Y Xiong, Y Wang, H Tian, Y Li, Q Xu","2021",NA,"… miR-106b-5p for the elevation of circ-PRKCI and miR-106b-5p … In addition, miR-106b-5p 
mimic and miR-106b-5p inhibitor … of the upregulation and downregulation of miR-106b-5p in HK-…"
17,"miR-106b","miR-106b enhances human mesenchymal stem cell differentiation to spermatogonial stem cells under germ cell profile genes involved in TGF-b signaling pathways","S Mahboudi, K Parivar, Z Mazaheri, S Irani","2022",NA,"… unregulated in both the miR-106b and BMP4 groups. Our findings showed that miR-106b 
regulates the differentiation of MSCs into PGCs. miR-106b influences on the expression of Dazl…"
17,"miR-106b","Linc00657 promoted pyroptosis in THP-1-derived macrophages and exacerbated atherosclerosis via the miR-106b-5p/TXNIP/NLRP3 axis","Y Liang, XD Xu, X Xu, YB Cai, ZX Zhu, L Zhu","2023",NA,"… miR-106b-5p mimics transfection. Mechanistically, linc00657 enhanced TXNIP expression by 
competitively binding to miR-106b… -related factors and decreased miR-106b-5p level in the …"
17,"miR-106b","Fendrr involves in the pathogenesis of cardiac fibrosis via regulating miR-106b/SMAD3 axis","L Gong, L Zhu, T Yang","2020",NA,"… In mechanism, we demonstrated experimentally that Fendrr directly targeting miR-106b, 
by … a miR-106b mediated manner. Collectively, our findings highlight the axis of Fendrr/miR-106b…"
18,"miR-106b","Circular RNA circ_DROSHA alleviates the neural damage in a cell model of temporal lobe epilepsy through regulating miR-106b-5p/MEF2C axis","D Zheng, M Li, G Li, J Hu, X Jiang, Y Wang, Y Sun","2021",NA,"… , miR-106b-5p represented a downstream effector of circ_DROSHA function. MEF2C was 
a direct target of miR-106b-5p, and miR-106b-… MEF2C expression via sponging miR-106b-5p. …"
18,"miR-106b","miR-106b regulates the reprogramming of spermatogonial stem cells into iPSC-like cells","AHH Fard, M Valizadeh, Z Mazaheri, J Hosseini","2021",NA,"… , we selected miR-106b, a member of the miR-106b-25 cluster, … Besides, in iPSC, the miR-106b-25 cluster is induced in early … TGFBR2 and CDKN1A (p21) are also targets of miR-106b …"
18,"miR-106b","Circular RNA Circ_ANKMY2 regulates temporal lobe epilepsy progression via the miR-106b-5p/FOXP1 Axis","Q Lin, J Chen, X Zheng, Y Zhang, X Tao, J Ye","2020",NA,"… and miR-106b-5p was verified with dual-luciferase reporter assay. We observed that 
circ_ANKMY2 and FOXP1 expression were reduced while miR-106b-… for miR-106b-5p. In addition, …"
18,"miR-106b","Modulation of microglia M2 polarization and alleviation of hippocampal neuron injury by MiR-106b-5p/RGMa in a mouse model of status epilepticus","T Yu, L Huo, J Lei, JJ Sun, H Wang","2022",NA,"… Our results suggest that therapeutic strategies targeting miR-106b-5p or … that miR-106b-5p 
negatively regulates RGMa expression [32]. We speculated that suppressing miR-106b-5p …"
18,"miR-106b","[HTML][HTML] MiR-106b-mediated Mfn2 suppression is critical for PKM2 induced mitochondrial fusion","H Wu, Z Li, Y Wang, P Yang, Z Li, H Li","2016",NA,"… of microRNA-106b (miR-106b) was decreased in the PKM2 … treatment of miR-106b mimics, 
demonstrating that miR-106b played … mitochondrial fusion and miR-106b play crucial roles in …"
19,"miR-106b","Upregulation of Anti-Angiogenic miR-106b-3p Correlates Negatively with IGF-1 and Vascular Health Parameters in a Model of Subclinical Cardiovascular Disease …","S Bakhashab, J O'Neill, R Barber, C Arden, JU Weaver","2024",NA,"… be via downregulation of upregulated miR-106b3p and its effect on downstream targets. … 
role of miR106b-3p as a subclinical CVD biomarker and the effect of metformin on miR-106b-3p …"
19,"miR-106b","Long noncoding RNA SNHG16 facilitates abdominal aortic aneurysm progression through the miR-106b-5p/STAT3 feedback loop","B Yang, X Wang, C Ying, F Peng, M Xu","2021",NA,"… STAT3 and miR-106b-5p, a luciferase reporter assay was carried out. We found that miR-106b-5p … 
the enrichment of STAT3 mRNA and miR-106b-5p in the RIP products in the Ago2 …"
19,"miR-106b","Matrine regulates H2O2-induced oxidative stress through long non-coding RNA HOTAIR/miR-106b-5p axis via AKT and STAT3 pathways","G Xu, W Zhang, Z Wang, M Chen, B Shi","2020",NA,"… that miR-106b-5p was a target of HOTAIR and negatively regulated by HOTAIR. Moreover, 
up-regulation of miR-106b-5p … In conclusion, miR-106b-5p was a direct target of HOTAIR and …"
19,"miR-106b","Reversal of H2O2-induced cell death by knockdown of HOTAIR in HTR-8/SVneo cells by mediation of miR-106b-5p/ACSL4 axis","M Cao, W Jin, Y Li, M Wang, F Wan, Y Ren","2023",NA,"… In this study, we found that downregulation of miR-106b-5p could partially reverse the … 
Therefore, our study is the first to explore the role of miR-106b-5p in preeclampsia. Other miRNAs …"
19,"miR-106b","[HTML][HTML] MiR-106b~ 25 cluster regulates multidrug resistance in an ABC transporter-independent manner via downregulation of EP300","Y Hu, K Li, M Asaduzzaman, R Cuella","2016",NA,"… cancer cells (MTMECs) in which the miR-106b~25 cluster was … We find that overexpression 
of miR-106b~25 cluster led to the … However, MTMEC overexpressing miR-106b~25 cluster, or …"
20,"miR-106b","[HTML][HTML] miR-17-92 and miR-106b-25 clusters regulate beta cell mitotic checkpoint and insulin secretion in mice","AD Mandelbaum, S Kredo-Russo, D Aronowitz","2019",NA,"… -92/miR-106b-25 regulate the adult beta cell mitotic checkpoint and that miR-17-92/miR-106b-… 
Furthermore, we reveal a critical role for miR-17-92/miR-106b-25 in glucose homeostasis …"
20,"miR-106b","P2. 01-024 expression of miR-106 paralogs improves prognostic value of mesenchymal signatures but only miR-106b promotes invasiveness: Topic: Analysis of RNA","S Kung, K Enfield, D Rowbotham, E Marshall","2017",NA,"… We identify miRNA paralogs, miR-106a and miR-106b, to be elevated in metastatic lung 
adenocarcinoma (LUAD). We assess whether these two highly similar miRNAs share the same …"
20,"miR-106b","[PDF][PDF] The TNFα-miR-106b-5p-Caspase 9 axis functions as a key regulator in cerebral infarction via modulating endothelial cell apoptosis","H Shan, G Jiao, Y Gao, Z Dou, L Zhao","2019",NA,"… to the miR-106b-5p expression and observed that a negative correlation between miR-106b-… 
We then established a MCAO model in mice and determined the expression of miR-106b-…"
20,"miR-106b","Estradiol exerts a neuroprotective effect on SH‐SY5Y cells through the miR‐106b‐5p/TXNIP axis","Q Pan, K Guo, M Xue, Q Tu","2021",NA,"… expression level of miR-106b-5p and relived the inhibitory effect of Aβ42 on miR-106b-5p … 
To investigate the specific roles of miR-106b-5p in SH-SY5Y cells, we conducted miR-106b-…"
21,"miR-106b","[HTML][HTML] Repetitive magnetic stimulation promotes the proliferation of neural progenitor cells via modulating the expression of miR-106b","H Liu, G Li, C Ma, Y Chen","2018",NA,"… miR-106b. The present study aimed to further investigate the effects of rTMS on cultured NPCs 
transfected with Lenti-miR-106b … miR-106b and possibly inhibiting the expression of p21. …"
21,"miR-106b","MiR-106b-5p represses neuropathic pain by regulating P2X4 receptor in the spinal cord in mice","H Du, X Tan, X Wei, Z Yuan, Q Gong","2020",NA,"… Conclusion: Taken together, our results suggest that miR-106b-5p can serve as an … miR-106b-5p, miR-106b-5p were down-regulated in naïve mice by intrathecal injection with …"
21,"miR-106b","[HTML][HTML] Deletion of the Mir-106b~ 25 MicroRNA cluster attenuates atherosclerosis in Apolipoprotein E knockout mice","J Semo, G Chernin, M Jonas, S Shimoni","2019",NA,"… miR-106b~ 25 cluster including the VLDL and LDL receptors. We found that upon feeding miR-106b~ … wild-type mice, suggesting the miR-106b~ 25 cluster regulates atherosclerosis by …"
21,"miR-106b","[HTML][HTML] miR-106b is a novel target to promote muscle regeneration and restore satellite stem cell function in injured Duchenne dystrophic muscle","L Rodriguez-Outeiriño, F Hernandez-Torres","2022",NA,"… Here, we report a role for miR-106b reinforcing MYF5 inhibition and blocking cell … demonstrates 
that miR-106b is an important modulator of SC quiescence, and that miR-106b may be a …"
21,"miR-106b","MiR‐106b inhibition suppresses inflammatory bone destruction of wear debris‐induced periprosthetic osteolysis in rats","B Yu, J Bai, J Shi, J Shen, X Guo, Y Liu","2020",NA,"… miR-106b by injecting miR-106b inhibitor or mimics. As expected, the … miR-106b was 
significantly decreased in miR-106b inhibitor group and significantly increased in miR-106b mimics …"
21,"miR-106b","Posttranscriptional modulation of KCNQ2 gene expression by the miR-106b microRNA family","KW Kim, K Kim, HJ Kim, BI Kim","2021",NA,"… We show here that select miR-106b family members … of miR-106b family members rapidly 
decreases, whereas KCNQ2 protein level inversely increases. Overexpression of miR-106b …"
22,"miR-106b","[HTML][HTML] miRNA profiles in livers with different mass deficits after partial hepatectomy and miR-106b~ 25 cluster accelerating hepatocyte proliferation in rats","X Xu, Z Liu, J Wang, Q Ling, H Xie, H Guo, X Wei","2016",NA,"… We showed that miR-101a, miR-92a, miR-25, miR-93 and miR-106b were associated with 
the cell cycle in vivo and that the miR-106b~25 cluster is essential for the timely cell cycle …"
22,"miR-106b","[HTML][HTML] Efficacy of levetiracetam combined with sodium valproate on pediatric epilepsy and its effect on serum miR-106b in children","J Zhao, Y Sang, Y Zhang","2019",NA,"… After treatment, the relative expression of serum miR-106b in … area under curve (AUC) of miR-106b in the diagnosis of pediatric … Spearman's test showed that the expression of miR-106b …"
22,"miR-106b","[HTML][HTML] Role of circulating miR 194-5p, miR 106b, and miR 146a as potential biomarkers for epilepsy: a case-control study","M Moustafa, NT Abokrysha, NA Eldesoukey","2020",NA,"… Targeting TGFβ and its posttranscriptional inhibition by miR 106b suggest a 
proepileptogenic role of miR 106b. Also, miR 106b had been linked to epilepsy-associated …"
22,"miR-106b","[HTML][HTML] Integrated Bioinformatics Analysis Confirms the Diagnostic Value of Nourin-Dependent miR-137 and miR-106b in Unstable Angina Patients","SA Elgebaly, WF Peacock, RH Christenson","2023",NA,"… We initially identified miR-137 and miR-106b and conducted … protein targets miR-137 and miR-106b, which are linked to … miR-137/hsa-miR-106b in the early diagnosis of myocardial …"
22,"miR-106b","[HTML][HTML] Investigating the inhibitory effect of miR-34a, miR-449a, miR-1827, and miR-106b on target genes including NOTCH1, c-Myc, and CCND1 in human T cell …","T Naderi, S Mohammadi-Yeganeh","2020",NA,"… Furthermore, we analyzed the expression of miR-1827 and miR-106b, which target c-Myc 
and CCND1, respectively. We found out that the expression of miR-1827, miR-106b, and their …"
22,"miR-106b","[HTML][HTML] Bta-miR-106b Regulates Bovine Mammary Epithelial Cell Proliferation, Cell Cycle, and Milk Protein Synthesis by Targeting the CDKN1A Gene","X Wu, J Huang, Y Liu, H Li, B Han, D Sun","2022",NA,"… bta-miR-106b in milk composition synthesis. In this study, with luciferase assay experiment, 
bta-miR-106b … ), over-expression of bta-miR-106b significantly down-regulated the CDKN1A …"
22,"miR-106b","miR-106b-responsive gene landscape identifies regulation of Kruppel-like factor family","CJ Wehrkamp, SK Natarajan, AM Mohr, MA Phillippi","2018",NA,"… In this study, we sought to define the genome-wide target set of miR-106b and found that miR-106b binding relied on sequences between bases 2–10, tolerating a G:U wobble in the …"
22,"miR-106b","Expression of miR-106b-5p in children with primary immune thrombocytopenia and its correlation with T cells.","W Wen-Fang, W Xu-Song","2022",NA,"… [摘要]目的 探讨血浆 miR-106b-5p 在原发免疫性血小板减少症(primary immune … 检测miR-106b-5p表 
达水平,流式细胞技术检测Th17和Treg,计算Th17/Treg,分析血浆miR-106b…"
23,"miR-106b","Differential regulation of MCM7 and its intronic miRNA cluster miR-106b-25 during megakaryopoiesis induced polyploidy","S Haldar, A Roy, S Banerjee","2014",NA,"… codes for an important microRNA cluster (miR-106b-25). Around 50% … mitotic cell division 
where MCM7 and miR-106b-25 are co-… to the increased expression of miR-106b-25 without a …"
23,"miR-106b","Circ_ZFP644 attenuates caerulein-induced inflammatory injury in rat pancreatic acinar cells by modulating miR-106b/Pias3 axis","J Wang, J Fu, C Xu, R Jia, X Zhang, S Zhao","2021",NA,"… In the current study, Pias3 was identified to be a novel target gene of miR-106b, through 
bioinformatic analysis and assay confirmation. And miR-106b negatively regulated the …"
23,"miR-106b","miR-106b-5p, miR-17-5p to predict recurrence and progression in breast DCIS model based on TGFβ paradox.","J Lee, K Yim, DM Kim, YS Song, A Lee","2017",NA,"… We selected highly expressed miR-17-5p and miR-106b-5p as … Results: miR-106b-5p 
single and combined miR-106b-5p … In MCF-7, miR-106b and miR-17-5p transfected cell line …"
23,"miR-106b","Inhibition of MiR‐106b‐5p mediated by exosomes mitigates acute kidney injury by modulating transmissible endoplasmic reticulum stress and M1 macrophage …","X Li, Y Zhong, R Yue, J Xie, Y Zhang","2023",NA,"… in the expression of miR-106b-5p in ER-stressed TECs. Furthermore, we confirmed that 
ALT3 is a potential target protein of miR-106b-5p. Notably, the inhibition of miR-106b-5p …"
23,"miR-106b","LncRNA-SNHG3 promotes neuroinflammation post-intracerebral hemorrhage by regulating the miR-106b-5p/TXNIP axis","F Zhou, F Wu, X Wang, S Yu, W Tian, O Lv","2023",NA,"… Our bioinformatics data indicated that miR-106b-5p serves as the downstream target of … 
target of miR-106b-5p. This suggests the existence of a lncRNA-SNHG3-miR-106b-5p-TXNIP …"
23,"miR-106b","MiR-106b promotes therapeutic antibody expression in CHO cells by targeting deubiquitinase CYLD","C Xu, Q Han, Q Zhou, L Zhang, P Wu, Y Lu, Y Si","2019",NA,"… culture showed that stable overexpression of miR-106b in a CHO-IgG cell … of miR-106b 
did not affect the quality of antibody. Taken together, our findings highlight the effect of miR-106b …"
24,"miR-106b","[PDF][PDF] miR-134 and miR-106b are circulating biomarkers for temporal lobe epilepsy: pilot study results","KD Lysova, AA Usoltseva, EA Domoratskaya","KD Lysova, AA Usoltseva, EA Domoratskaya… - romj.org",NA,"… Results — The expression levels of miR-134 and miR-106b in blood plasma in patients with 
TLE … Conclusion — Circulating miR-134 and miR-106b concentrations were significantly …"
24,"miR-106b","HAGLR, stabilized by m6A modification, triggers PTEN‐Akt signaling cascade‐mediated RPE cell pyroptosis via sponging miR‐106b‐5p","R Luo, L Li, Q Han, J Fu, F Xiao","2024",NA,"… HAGLR and miR-106b-5p, as well as miR-106b-5p and PTEN. The HAGLR/miR-106b-5p/… 
As for miR-106b-5p, few researches have demonstrated its role in DR progression, and only …"
24,"miR-106b","miR-106b promotes osteoporosis in mice","J Collison","2017",NA,"… The microRNA miR-106b contributes to osteoporosis by … In vitro, miR-106b negatively 
regulated osteogenic … levels of miR-106b than healthy mice, and silencing miR-106b signalling …"
24,"miR-106b","[PDF][PDF] Expression of miR-106a-5p, miR-106b-5p, and TGFβ1I1 in Peripheral Blood Mononuclear Cells (PBMCs) of Chemical Veterans Exposed to Sulfur Mustard With …","S Sepehrnia, AM Mohseni Majd, T Ghazanfari, F Talebi","2005",NA,"… The miR-106b-5p expression levels were considerably … the expression of miR-106a5p, miR-106b-5p, and their target gene… In a ROC analysis, miR-106a-5p and miR-106b-5p potentially …"
24,"miR-106b","[HTML][HTML] Detargeting lentiviral-mediated CFTR expression in airway basal cells using miR-106b","SH Choi, RE Reeves, GS Romano Ibarra, TJ Lynch","2020",NA,"… miR-106b as … miR-106b-target sequence (miRT) to both study miR-106b regulation during 
basal cell differentiation and detarget CFTR expression in basal cells. Given that miR-106b is …"
25,"miR-106b","[HTML][HTML] Extracellular vesicle-mediated delivery of anti-miR-106b inhibits morphine-induced primary ciliogenesis in the brain","R Ma, NA Kutchy, Z Wang, G Hu","2023",NA,"… miR-106b and is a negative regulator of primary ciliogenesis. Intranasal delivery of ADEVs 
loaded with anti-miR-106b decreased the expression of miR-106b … miR-106b-5p in morphine-…"
25,"miR-106b","HIV‐1 Infection Dysregulates Cell Cycle Regulatory Protein p21 in CD4+ T Cells Through miR‐20a and miR‐106b Regulation","D Guha, A Mancini, J Sparks","2016",NA,"… In determining the mechanism(s) of cell type specific regulation of p21, we found that the 
miRNAs miR-106b and miR-20a that target p21 were specifically downregulated in HIV-1 …"
25,"miR-106b","Berberine activates the β-catenin/TCF4 signaling pathway by down-regulating miR-106b to promote GLP-1 production by intestinal L cells","J Wang, LR Wei, YL Liu, CZ Ding, F Guo, Q Qin","2021",NA,"… miR-106b on GLP-1 production and miR-106b expression in the presence of berberine. As 
exhibited in Fig. 3A, the miR-106b … miR-106b by elevating the methylation levels of miR-106b …"
25,"miR-106b","[ЦИТИРОВАНИЕ][C] Alka Vishwas; SHIRSAT, Neelam Vishwanath. Hsa-miR-106b-5p Negatively Regulates LEF1","AA Joshi","2018",NA,""
25,"miR-106b","miR-106b-5p regulates the differentiation of goat intramuscular preadipocytes by targeting KLF4.","Y Du, Y Zhao, Y Lin, J Zhu, Y Wang, J Ma, G Xie","2020",NA,"… of miR-106b-5p on the differentiation of goat intramuscular preadipocytes, and to confirm 
whether miR-106b-… to detect the expression pattern of miR-106b-5p during the differentiation of …"
26,"miR-106b","The expression of the miR-25/93/106b family of micro-RNAs in the adipose tissue of women with polycystic ovary syndrome","HL Wu, S Heneidi, TY Chuang","2014",NA,"… Contrary to that of their host gene MCM7 and different from that of miR-93, we observed that 
the expression of miR-25 and miR-106b was higher in IR subjects than in non-IR subjects, …"
26,"miR-106b","[ЦИТИРОВАНИЕ][C] Expression of Ngn3 gene in differentiation of miR-106b-regulated insulin-producing cells","C Xiu-si, W Tao","2014",NA,""
26,"miR-106b","[HTML][HTML] MiR-106b-5p Regulates the Reprogramming of Spermatogonial Stem Cells into iPSC (Induced Pluripotent Stem Cell)-Like Cells","AH Hasani Fard, M Valizadeh, Z Mazaheri","2022",NA,"… miR-106b-5p targets using bioinformatic methods. Results: Our results showed that transfected 
SSCs with miR-106b… and databases, we predicted that miR-106b-5p targeted a signaling …"
27,"miR-106b","MiR-106b family regulates autophagy via targeting ATG16L1 (172.41)","C Lu, Z Xu","2012",NA,"… investigations demonstrated that miR-106b and miRNA-93 mimics … In contrast, administration 
of antagonists of miR-106b and … a family of miRNA members (miR-106b) as a main inhibitor …"
27,"miR-106b","Response: Context-dependent actions of miR-106b in CLL","D Sampath, W Plunkett","2009",NA,"… Our work demonstrated that ectopic expression of miR-106b … that mechanisms unrelated 
to mir-106b were likely to … not recapitulate the actions of miR-106b in primary, quiescent …"
27,"miR-106b","[HTML][HTML] The miR-25-93-106b cluster regulates tumor metastasis and immune evasion via modulation of CXCL12 and PD-L1","M Cioffi, SM Trabulo, M Vallespinos, D Raj, TB Kheir","2017",NA,"… In addition, we performed in situ hybridization (ISH) for miR-106b visualizing miR-106b 
expression in primary pancreatic cancer and liver metastasis, thereby confirming expression in …"
27,"miR-106b","[PDF][PDF] Irani Sh. Mir-106b cluster regulates primordial germ cells differentiation from human mesenchymal stem cells. Cell J. 2021; 23 (3): 294-302. doi: 10.22074/cellj …","S Mahboudi, K Parivar, Z Mazaheri","S Mahboudi, K Parivar, Z Mazaheri - … is a serious physiological problem in … - academia.edu",NA,"… The aim of this study was to investigate Mir-106b cluster … by miR-106b were successfully 
differentiated into PGCs. The results of this study also showed that the expression of miR-106b …"
27,"miR-106b","Autophagy is Regulated by mir-106b in the Heart","C Kuhn, L Boeck, S Hille, F Dierck, T Eschenhagen","2014",NA,"… of miR-106b in neonatal rat cardiomyocytes (NRCM) caused a reduction of Fyco1 protein 
by 72%. Consistently, the overexpression of miR-106b in … our data identify a miR-106b/FYCO1-…"
27,"miR-106b","Knockdown of mechanosensitive miRNA cluster—miR‐106b~25 decreases endothelial proliferation and prevents atherosclerosis in ApoE−/− mice","S Kumar, H Jo","2016",NA,"… , flow-sensitive miRNA cluster, miR-106b-93-25, that is … , we found that expression of miR-106b-93-25 increases in … -miR-106b, -93 and -25) and loss-of-function (anti-miR-106b, …"
28,"miR-106b","Comparison of miR-106b, miR-191 and miR-30d expression dynamics in milk with regard to its composition in Holstein and Ayrshire cows.","MV Pozovnikova, VB Leibova, OV Tulinova","2024",NA,"… The data obtained in this study showed that miR-106b, miR-191, and miR-30d expression 
levels in milk samples have peculiarities associated with breed affiliation and the lactation …"
28,"miR-106b","Establishment of miR-106b Transgenic Mouse","H WANG, X QUAN, W DONG, Y ZONG","2010",NA,"… TGFBR2 was increased in miR-106b transgenic mice. Conclusion: miR-106b transgenic 
mouse has been established and it can be used to investigate the function of miR-106b on the …"
28,"miR-106b","[Retracted] Antagonist targeting miR‑106b‑5p attenuates acute renal injury by regulating renal function, apoptosis and autophagy via the upregulation of TCF4","JM Hu, LJ He, PB Wang, Y Yu","2024",NA,"Following the publication of this paper, it was drawn to the Editor's attention by a concerned 
reader that the EdU staining assay data shown in Figs. 4C and 5C and the western blotting …"
28,"miR-106b","Exosomal miR-106b-5p promotes Mtb survival via targeting CREB5 followed by SOAT1-CIDEC and CASP9-CASP3 pathway","H Chen, C Li, T Song, J Gao, W Li, Y Fu, Z Yi","2021",NA,"… According to the corresponding phenotypic changes, miR-106b-5p was selected for 
subsequent studies. This study reveals the role and mechanism of miR-106b-5p in Mtb infection …"
28,"miR-106b","[HTML][HTML] AraC-induced neuron-like differentiation of human NTERA2/D1 cells and quantification of endogenous pre-mir-106b and 19b levels","Y Kaneko, T Takahashi","2023",NA,"… In conclusion, pre-mir-106b and pre-mir-19b levels were decreased after AraC-induced 
neuron-like differentiation of NT2 cells, indicating the functional relevance of miRNAs in the …"
28,"miR-106b","miR-106b modulates C1orf24 expression in thyroid tumors","BH Nozima, GM Carvalheira, JM Cerutti","2014",NA,"… that miR-106b potentially regulates C1orf24 expression. Next, we investigated if miR-106b … 
and low levels of miR-106b, we transiently transfected miR-106b precursor into WRO cells …"
28,"miR-106b","Transcriptional checkpoint response SET in motion: role for miR-106b-5p and H3K36me3 in regulating E2F-dependent transcription","L Van Bijsterveldt","2021",NA,"… Figure 3.10 Quantification of miR-106b-5p … , and miR-106b-5p levels in a panel of BC 
cell lines Figure 3.12 Correlation between AGO2 copy number and mature: immature miR-106b …"
29,"miR-106b","miR‐106b‐25 Dysregulation in Complex Regional Pain Syndrome Contributes to T Cell Dysfunction","J Wickman, B Shenoda, R Van Duyne","2022",NA,"… miR-106b-25 members are predicted to target … that miR-106b-25 cluster plays a role in 
T-cell dysfunction by regulating members of CD69 signaling pathway. Here we examine miR-106b…"
29,"miR-106b","[PDF][PDF] MiR-106b-25 Facilitates Gliomagenesis by Modulating the p21 and Bim Signaling Pathways","J Paily","J Paily - briarcliffschools.org",NA,"… MiR-106b’s activity is traced to the … of miR-106b25’s suppression of these key tumor 
suppressors and its role in cell proliferation and tumor formation, this study concludes the miR-106b-…"
29,"miR-106b","P65. 02 LINC01234 acts as an Oncogenic lncRNA that Interacts with HNRNPA2B1 and Regulates miR-106b Biogenesis","Z Wang, Z Chen, X Chen, T Lei, J Gu, J Huang","2021",NA,"Methods We collect the NSCLC tissues and adjacent non-tumor tissues and analyzed 
expression levels of LINC01234 by quantitative reverse-transcription PCR. LINC01234 were …"
29,"miR-106b","Mir-106b for HCC patient management after therapy","D Pascut, R Patti, N Mezzina, C Abazia","2015",NA,"… mir-106b expression of 2.4 at T1. The 40% showed a partial response or progressive disease 
(median mir-106b … test showed that high expression of mir-106b correlated with the longest …"
30,"miR-106b","Abstract# 1390: Involvement of miR-21 and miR-106b-25 cluster in the progression of IBD-related neoplasia","A Olaru, F Selaru, S David, Y Mori, K Kang, B Paun","2009",NA,"… expression patterns for the members of miR-106b-25 cluster in the … of miR-106b occurs 
late in the neoplastic transformation. Finally, 1-way ANOVA analysis demonstrates that miR-106b …"
30,"miR-106b","Expression and clinical significance of the miR-106b-25 gene cluster in liver tissues of patients with alveolar echinococcosis.","FC Ma, DW Yang, Z Wang, ZG Ge, HH Zhu","2022",NA,"… level of the miR-106b-25 gene cluster (miR-106b, miR-93 and … RT-PCR was performed to 
detect miR-106b-25 gene cluster … The expression level of the miR-106b-25 gene cluster was …"
30,"miR-106b","… Capacity of Asthmatic Airway Smooth Muscle Independent of TGF-Β1 Concentration via Altered ERK1/2 Signaling and Modulated miR-106b∼ 25-dependent IP3R1 …","J Evasovic, C Adajar, MA Hernandez","2019",NA,"… dysregulation of miR-106b∼25 … miR-106b∼25 within differentiated non-asthmatic and 
asthmatic ASM in vitro. This was accompanied by inversely proportional expression of miR-106b…"
30,"miR-106b","Involvement of miR-106b in endothelial cells-mediated angiogenesis","M Ailifeire, H Chen, J Ren","2014",NA,"… Methods miR-106b cultured and transfected with endothelial cells was divided into miR-106b 
group ,blank control group and positive control group .RNA was extracted from miR-106b .…"
30,"miR-106b","Abstract #3807: VDR induced periodicity of histone modifications and miR-106b combine to regulate CDKN1A expression in prostate epithelial cells","O Maguire, J Thorne, C Doig, M Campbell","2009",NA,"#3807: VDR induced periodicity of histone modifications and miR-106b combine to regulate 
CDKN1A expression in prostate epithelial cells | Cancer Research | American Association …"
30,"miR-106b","miR-106b, miR-20a 和 miR-221 在早期胃癌中表达的研究","","2014",NA,"目的探讨血浆微小RNA在早期胃癌中的表达情况,研究其在胃癌发生发展中的意义.方法本研究
首先对30例胃癌患者和30例健康对照人群血浆中的15种微小RNA(miR-1,miR-106a,miR-106b,…"
30,"miR-106b","Target genes of the hsa-miR-106b-25 cluster: Prediction and bioinformatic analysis","Y Song, W FU, M LU, Y Liu","2015",NA,"… analysis of the hsa-miR-106b-25 gene cluster, miR-106b, miR-93… Methods We obtained the 
sequences of miR-106b, miR-93, … Results The target genes of the miR-106b-25 gene cluster …"
30,"miR-106b","miR-106b-5p Overexpression Increases Maximal Contractile Force Output of Airway Smooth Muscle Cells 3D-printed Into Airway Rings","JM Evasovic, A Gibson, P Cay, MA Ba","2023",NA,"… Moreover, we have found miR-106b-… miR-106b-5p promotes a contractile phenotype 
in 3D-printed airway rings. Methods: Stable telomerized human ASMCs overexpressing miR-106b-…"
31,"miR-106b","The expression profiles of miR-132, miR-19b and miR-106b in multiple sclerosis patients.","F Sağır, NE Tunalı, R Türkoğlu","2020",NA,"… miR-132, miR-19b and miR-106b expression profile analysis was … -132, miR-19b and miR-106b 
expressions increase in MS … -132, miR-19b and miR-106b is central to more efficient MS …"
31,"miR-106b","MiR-106b activate Wnt/β-catenin pathway in HCC cells","H Jia, S Huang, H Chen, Y Shi","2015",NA,"… Objective To investigate the influence of miR-106b on Wnt/β-catenin … Results Ectopic 
expression of miR-106b dramatically increased … Compared with that in control cells , miR-106b …"
31,"miR-106b","Downregulation of miR-106b and Treatment with CsA Synergistically Increased the Expression of MICA During Ischemia/Reperfusion: 421","T Yang, L Feng, XG Sun, JY Guo, FS Li, D Long","2012",NA,"… Conclusions: CsA, I/R and downregulation of miR-106b would synergistically up regulate 
the … So our results suggested that further delineating the mir-106b regulatory pathways may …"
31,"miR-106b","Cloning of hsa-miR-106b and construction of its lentiviral expression vector.","ZL Zheng Lin, WS Wang Shuang, DYQ Ding YanQing","2011",NA,"… that the lentivirus vector pLVTHM-miR-106b was constructed successfully. Conclusion: 
The … -miR-106b provides the basis for the further study of molecular function of mir-106b. …"
31,"miR-106b","Effects and mechanisms of miR-106b and EZH2 on HepG2 cell proliferation.","GL Gui Lian, ZQQ Zhang QianQian, CY Cai Yan","2017",NA,"… Results: The expression of miR-106b increased in liver cancer cells. miR-106b promoted 
proliferation of HepG2 cells and inhibited apoptosis. miR-106b inhibitor suppressed the …"
31,"miR-106b","miR-106b∼ 25 Promotes a Secretory Airway Smooth Muscle Phenotype in Asthma","CA Singer, MA Ba, J Evasovic","2020",NA,"… of the miR-106b∼… miR-106b∼25, including interferon gamma-induced protein 10 (IP-10) 
and vascular endothelial growth factor-A (VEGF-A). Conclusions: Our results show miR-106b∼…"
31,"miR-106b","Interactions Of MiR-25 With MiR-145 And MiRNA In The MiR-106b Cluster In Airway Smooth Muscle Cells","JT Ludlow, AR Kuhn, CA Singer","2010",NA,"… miR-25 is part of the miR-106b cluster which includes miR-25, miR-93, and miR-106b. Previous 
… Expression of miR-106b is not significantly effected by miR-25. The data presented here …"
31,"miR-106b","miR-106b-5p Functions in the Development of Chronic Thromboembolic Pulmonary Hypertension Via Targeting MMP2","R Miao, J Gong, Y Yang","2020",NA,"… let-7b3p, miR-17-5p,miR-106b-5p, miR-93-5p, miR-20a-5p, … miR-106b-5p.Conclusion: 
These miRNAs and genes were associated with the pathogenesis of CTEPH. Besides, miR-106b-…"
32,"miR-106b","Retraction notice to"" Overexpressed miR-106b-5p promotes epithelial-mesenchymal transition in endometriosis by targeting PTEN""[Reprod. Toxicol. 113C (2022) 62 …","F Hu, Y Wang, X Wu, S Liu","2023",NA,"Retraction notice to ""Overexpressed miR-106b-5p promotes epithelial-mesenchymal 
transition in endometriosis by targeting PTEN"" [Reprod. Toxicol. 113C (2022) 62-70] …"
32,"miR-106b","Berberine alleviates oxidative stress in islets of diabetic mice by inhibiting miR-106b expression and up-regulating SIRT1.","CDL Chen DongLiang, YKY Yang KeYa","2017",NA,"… SIRT1 was a target gene of miR-106b. In addition, miR-106b over-expression could reverse 
… Berberine could attenuate oxidative stress of diabetic mice at least partly through miR-106b/…"
32,"miR-106b","Deletion of the miR‐25/93/106b cluster induces glomerular deposition of immune complexes and renal fibrosis in mice","H Ma, X Li, S Yu, Y Hu, M Yin, F Zhu","2021",NA,"… As expectedly, the expression level of miR-106b was increased significantly when the … 
miR-93 was also upregulated when the expression level of miR-106b was inhibited (Figure 1A-C). …"
33,"miR-106b","[ЦИТИРОВАНИЕ][C] Functional role of miR-106b-CYLD axis in therapeutic antibody expression in CHO cells","C Xu, Y Lu, Q Zhou, Q Han, B Zhang","2018",NA,""
33,"miR-106b","[ЦИТИРОВАНИЕ][C] The miR-106b-25 and miR-17-92 clusters are emerging as key modulators of TGF-b signaling in gastrointestinal and other tumors, interfering with …","F Petrocca, A Vecchione, CM Croce","2008",NA,""
33,"miR-106b","[ЦИТИРОВАНИЕ][C] MicroRNAs in the miR-106b family regulate p21/CDKN1A and promote cell cycle progression","SV Kobayashi, L Lim, J Burchard, AL Jackson","2008",NA,""
33,"miR-106b","[ЦИТИРОВАНИЕ][C] A MDM2-dependent positive-feedback loop is involved in inhibition of miR-375 and miR-106b induced by","F Ye, C Tang, W Shi, J Qian, S Xiao, M Gu","F Ye, C Tang, W Shi, J Qian, S Xiao, M Gu - Helicobacter pylori",NA,""
34,"miR-106b","[ЦИТИРОВАНИЕ][C] SongJX. MiR-106b-5p inhibits tumor necrosis factor-alpha-induced apoptosis by targeting phosphatase and tensin homolog deleted on …","J Zhang","2016",NA,""
34,"miR-106b","[ЦИТИРОВАНИЕ][C] The expression of miR-106b-25 microRNA cluster in the liver of mice with Echinococcus multilocularis infected","YE JW, H LIU, GD LYU","2016",NA,""
35,"miR-106b","[ЦИТИРОВАНИЕ][C] MicroRNAs in the miR-106b family regulate p21","I Ivanovska","I Ivanovska - CDKN1A and",NA,""
35,"miR-106b","[ЦИТИРОВАНИЕ][C] Erratum: Identification of the miR-106b-25 micro RNA cluster as a proto-oncogenic PTEN-targeting intron that cooperates with its host gene MCM7 …","L Poliseno, L Salmena, L Riccardi","2010",NA,"Erratum: Identification of the miR-106b-25 micro RNA cluster as a proto-oncogenic PTEN-targeting 
intron that cooperates with its host gene MCM7 in transformation (Science Signaling (2010) …"
35,"miR-106b","[ЦИТИРОВАНИЕ][C] Decreased expression of miR-106b induced malaria vaccine protection decline","HL Guan, LP Jiang, G Mo, PY Teng, XH Peng","2018",NA,""
36,"miR-106b","[ЦИТИРОВАНИЕ][C] Magnus JF Kibukawa M 2008 MicroRNAs in the miR-106b family regulate p21/CDKN1A and promote cell cycle progression","IIBASD RL","IIBASD RL - Mol Cell Biol",NA,""
36,"miR-106b","[ЦИТИРОВАНИЕ][C] The Three Paralogous MicroRNA Clusters in Development and Disease, miR-17-92, miR-106a-363, and miR-106b-25. Scientifica, 2016, 1379643 …","C Khuu, TP Utheim, A Sehic","2016",NA,""
36,"miR-106b","[ЦИТИРОВАНИЕ][C] Perk-dependent repression of miR-106b-25 cluster is required for ER stress-induced apoptosis. Cell Death Dis. 2012; 3: e333","S Gupta, DE Read, A Deepti, K Cawley, A Gupta","2012",NA,""
36,"miR-106b","[ЦИТИРОВАНИЕ][C] hobbs RM, Sportoletti P, Varmeh S, Egia A, Fedele G, et al: Identification of the miR-106b~ 25 microRNA cluster as a protooncogenic PTEN …","L Poliseno, L Salmena, L Riccardi, A Fornari, MS Song","L Poliseno, L Salmena, L Riccardi, A Fornari, MS Song - Sci Signal",NA,""
36,"miR-106b","[ЦИТИРОВАНИЕ][C] P 2008 Engineering and optimization of the miR-106b cluster for ectopic expression of multiplexed anti-HIV RNAs","A HSaetrom","A HSaetrom - Gene Ther",NA,""
36,"miR-106b","[ЦИТИРОВАНИЕ][C] The role of miR-106b in Alzheimer's Disease","","王海林， 宗园媛， 刘嘉琳， 秦川 - 中国实验动物学报 (英文版) - zgbjyx.cnjournals.com",NA,"The role of miR-106b in Alzheimer's Disease … The role of miR-106b in Alzheimer's Disease …"
37,"miR-106b","[ЦИТИРОВАНИЕ][C] Mycobacterium tuberculosis modulates miR-106b-5p to control cathepsin S expression resulting in higher pathogen survival and poor T-cell …","D Pires, EM Bernard, JP Pombo, N Carmo, C Fialho","2017",NA,""
37,"miR-106b","[ЦИТИРОВАНИЕ][C] Overexpressed miR-106b-5p promotes epithelial-mesenchymal transition in endometriosis by targeting PTEN (Retraction of Vol 113, Pg 62, 2022)","F Hu, Y Wang, X Wu, S Liu, H Ren, W Zhou","2023",NA,""
37,"miR-106b","[ЦИТИРОВАНИЕ][C] Identificationofthe miR 106b 25microRNAclusterasaproto oncogenicPTEN targeting …","SL PolisenoL","2010",NA,""
37,"miR-106b","[ЦИТИРОВАНИЕ][C] ng L, Chow aK, Chan ST, Chan JY, Wo JY, ng KT, Man K, Poon RT, et al: Over-expression of miR-106b promotes cell migration and metastasis in …","WL Yau, CS Lam","2013",NA,""
37,"miR-106b","[ЦИТИРОВАНИЕ][C] … ., Qian J., Xiao S., Gu M. et al. a MDM2-dependent positive feedback loop is involved in inhibition of miR-375 and miR-106b induced by helicobacter …","F Ye","2014",NA,""
37,"miR-106b","[ЦИТИРОВАНИЕ][C] Clinical relevance of plasma miR-106b levels in patients with chronic obstructive pulmonary disease","","2013",NA,""
38,"miR-106b","[ЦИТИРОВАНИЕ][C] abbad H, iwaniuk KM, Hafner M, renwick n, Tuschl T, Schira J, Müller HW and Wernet P: Micrornas Mir-17, Mir-20a, and Mir-106b act in concert to …","T Hi","2011",NA,""
38,"miR-106b","[ЦИТИРОВАНИЕ][C] … of Asthmatic Airway Smooth Muscle Independent of TGF-B1 Concentration via Altered ERK1/2 Signaling and Modulated miR-106b similar to 25 …","J Evasovic, C Adajar","2019",NA,""
38,"miR-106b","[ЦИТИРОВАНИЕ][C] Knockdown of mechanosensitive miRNA cluster-miR-106b similar to 25 decreases endothelial proliferation and prevents atherosclerosis in ApoE …","S Kumar, H Jo","2016",NA,""
38,"miR-106b","[ЦИТИРОВАНИЕ][C] Analysis of the expression mechanisms in serum microRNA by exploring the miR-106b-25 cluster","I Hoshino, K Murakami, M Kano","5774",NA,""
38,"miR-106b","[ЦИТИРОВАНИЕ][C] UGT1A regulation by a member of the proto-oncogenic miR-106b-25 cluster: hsa-miR-25","S Kalthoff, A Winkler","5774",NA,""
39,"miR-106b","[ЦИТИРОВАНИЕ][C] Mir-106b Regulation of the Circadian Rhythm of Alzheimer''s Disease and Neuronal PAS Domain Protein 2 Expression","","王海林， 刘嘉琳， 宗园媛， 张连峰， 秦川 - 中国比较医学杂志 (英文版) - zgbjyx.cnjournals.com",NA,"Mir-106b Regulation of the Circadian Rhythm of Alzheimer''s Disease and Neuronal PAS 
Domain Protein 2 Expression … Mir-106b Regulation of the Circadian Rhythm of Alzheimer''s …"
39,"miR-106b","[ЦИТИРОВАНИЕ][C] Targeting the miR-106b similar to 25 cluster as a potential regenerative therapeutic approach for myocardial injury","E Dirkx, A Raso, S Olieslagers","2017",NA,""
39,"miR-106b","[ЦИТИРОВАНИЕ][C] miR-106b similar to 25 Promotes a Secretory Airway Smooth Muscle Phenotype in Asthma","CA Singer, MA Ba, J Evasovic","2020",NA,""
39,"miR-106b","[ЦИТИРОВАНИЕ][C] The Involvement of the MiR-106b~ 25 MicroRNA Cluster in Neovascularization and Functional Recovery of Ischemic Tissues","J Semo","2012",NA,""
39,"miR-106b","[ЦИТИРОВАНИЕ][C] VDR induced periodicity of histone modifications and miR-106b combine to regulate CDKN1A expression in prostate epithelial cells","O Maguire, J Thorne, C Doig","2009",NA,""
39,"miR-106b","[ЦИТИРОВАНИЕ][C] A Six1/miR-106b signaling axis establishes neural crest cell identity in the maxilla","ALP Tavares, H Ford","5774",NA,""
39,"miR-106b","[ЦИТИРОВАНИЕ][C] miR-106b-5p 靶向调控细胞周期蛋白 D1 抑制结直肠癌细胞增殖, 迁移与侵袭","","2022",NA,""
40,"miR-106b","[ЦИТИРОВАНИЕ][C] Perk-dependent repression of miR-106b-25 cluster is required for ER stress induced apoptosis","DE Read, P Agostinis, C Hetz, JL Mott","2013",NA,""
40,"miR-106b","[ЦИТИРОВАНИЕ][C] Context-dependent actions of miR-106b in CLL Response","D Sampath, W Plunkett","1900",NA,""
40,"miR-106b","[PDF][PDF] LncRNA SNHG16 通过 miR-106b-5p/PHF1 轴调节结直肠癌细胞的增殖, 凋亡, 迁移和侵袭","","2023",NA,"目的探讨长链非编码RNA (LncRNA) 小核仁RNA 宿主基因16 (SNHG16) 通过miR-106b-5p/聚
梳组蛋白家族指蛋白1 (PHF1) 轴对结直肠癌(CRC) 细胞的增殖, 凋亡, 迁移和侵袭的影响. 方法…"
40,"miR-106b","miR-106b 靶向调控胰岛素分泌细胞诱导分化过程中 Ngn3 基因的表达","","2014",NA,"… miR-106b能结合到Ngn3mRNA的3’UTR并有效抑制其表达.qRT—PCR检测结果表明,miR-106b的
表达水平与Ngn3表达呈负相关.结论miR-106b能调控IPCs诱导分化过程中Ngn3的表达. …"
40,"miR-106b","Mir-106b 对阿尔茨海默病昼夜节律调控的初步研究","","2010",NA,"… mir-106b表达载体,将其转染至SH-SY5Y细胞中构建mir-106b稳定转染的稳转细胞系.用
Targetsan,Pictar,miRanda等靶基因预测软件,对mir-106b… 用双荧光素酶报告检测系统检测…"
40,"miR-106b","Mir-106b 表达与食管鳞状细胞癌的关系","","2016",NA,"… 应用统计学方法分析mir-106b表达量与肿瘤临床病理学特征… mir-106b的表达水平显著升高
,统计学数据显示,mir-106b的表达量与淋巴结转移,肿瘤分期及吸烟有相关性(P<0.05).并且,mir-106b…"
40,"miR-106b","人脑胶质瘤中 miR-106b^ 25 基因簇表达的研究","","2014",NA,"… 中miR-106b^25基因簇成员miR-106b,… 中miR-106b^25基因簇成员miR-106b,miR-93和miR-25的
表达水平.原位杂交技术检测含不同病理级别及瘤旁正常脑组织的胶质瘤组织芯片中miR-106b…"
41,"miR-106b","miR-106b 表达对人肝细胞肝癌细胞增殖能力的影响","","2014",NA,"… 细胞THLE3中miR-106b的表达水平比较,差异均有统计学意义(均P<0.05).转染3d后,过表达miR-106b的HCC细胞增殖加快,抑制miR-106b的HCC细胞增殖减慢.过表达miR-106b的HepG2和…"
41,"miR-106b","[HTML][HTML] miR-106b 靶向调控 TGF-β/Smad 通路对结肠癌细胞侵袭和迁移的促进作用","","2021",NA,"… 结肠癌组织中miR-106b表达水平高于正常结肠组织,结肠癌SW-480细胞中miR-106b表达水平高
于正常结肠上皮NCM460细胞(P<0.01).双荧光素酶报告基因检测结果提示TGF-βR1为miR-106b的 …"
41,"miR-106b","miR-106b 在阿尔茨海默病中的作用机制","","2011",NA,"… 中miR-106b的表达,对芯片检测结果进行验证;通过构建miR-106b稳定转染细胞系和miR-106b 
knockdown研究miR-106b… -荧光素酶报告载体,验证miR-106b是否可以直接调控TGFBR2蛋白的…"
41,"miR-106b","MiR-106b 在 2 型糖尿病 db/db 小鼠骨骼肌中的表达及生物信息学分析","","2013",NA,"… 及相关生物信息学分析,为miR-106b靶基因的实验验证提供数据支持,并为深入研究miR-106b的
生物学功能和调控机制提供理论指导.方法利用实时PCR技术检测miR-106b在糖尿病db/db小鼠…"
41,"miR-106b","miR-106b~ 25 基因簇增强乳腺癌 MCF-7 肿瘤干细胞相关耐药性","","2013",NA,"… miR-106b~25基因簇能帮助细胞更快脱离由阿霉素引起的细胞衰老状态,促进耐药克隆的
生长.但是,miR-106b~… 对ALDH1的检测及mammo-sphere形成实验结果显示,过表达miR-106b~25基因…"
41,"miR-106b","[ЦИТИРОВАНИЕ][C] miR-106b 在鼻咽癌组织中表达及对鼻咽癌 CNE-2 细胞生物学特性的影响","","2017",NA,""
41,"miR-106b","miR-106b 在肝癌细胞中激活 Wnt 通路","","2015",NA,"… 方法:改变肝癌细胞中miR-106b表达.TOP/FOP荧光素酶试验检测Wnt/β-catenin信号通路活性的
变化;… 而抑制miR-106b,则下调荧光比值和下游靶基因的表达.同时发现,miR-106b表达,促进QGY-…"
41,"miR-106b","男性不育症患者精浆 miR-106b 水平变化及意义","","2013",NA,"… (miRNAs)表达谱,筛选差异表达的miR-106b,探讨其作为男性不育症分子诊断… miR-106b的
含量则明显降低,为60.07(18.38,292.52))fmol/L(U=195.00,P<0.01).ROC曲线分析显示,miR-106b…"
41,"miR-106b","[HTML][HTML] miR-106b-5p靶向KLF4调控山羊肌内前体脂肪细胞分化","","2020",NA,"… qRT-PCR结果显示,miR-106b-5p在山羊肌内前体脂肪细胞诱导… miR-106b-5p后油红O染色
显示脂滴聚积减少,过表达miR-106b-5p后脂滴聚积增加.在山羊肌内前体脂肪细胞中转染miR-106b-…"
41,"miR-106b","肝癌患者血清 miR-106b 的表达变化及其临床意义","","2014",NA,"… PCR)法检测其血清miR-106b表达水平,并比较肝癌患者血清miR-106b表达水平与临床病理特征
… )曲线分析血清miR-106b用于肝癌诊断的价值.结果肝癌患者血清miR-106b表达水平较正常对照…"
42,"miR-106b","miR-106b 在原发性肝癌中的表达及与预后的关系","","2014",NA,"… 杂交检测miR-106b在HCC组织的表达,分析miR-106b表达与患者临床病理特征及预后的关系
.结果miR-106b在HCC… HCC组织miR-106b高表达的患者5年生存率明显低于低表达患者(P<0.01),…"
42,"miR-106b","[HTML][HTML] miR-106b-5p 在调节内皮细胞基因表达谱中的作用","","2019",NA,"… 选取从两组网络中得到的共表达地位差异最为显著的miR-106b-5p进一步研究,通过转染miR-106b-5p 
mimics上调人脐静脉内皮细胞的miR-106b-5p表达水平,筛查转染后差异基因表达谱,并…"
42,"miR-106b","miR-106b 对鼻咽癌细胞凋亡的促进和对增殖的抑制作用","","2017",NA,"… 结果miRNA芯片分析发现鼻咽癌组织中miR-106b的表达较癌旁正常组织低.RT-PCR结果
显示miR-106b在鼻咽癌组织中表达减少(P<0.05),RhoC在鼻咽癌组织中表达增加(P<0.05),miR-106b…"
42,"miR-106b","MiR-106b 对食管癌 KYSE150 细胞的生长及细胞上皮间质转化的影响","","2015",NA,"… (未转染miR-106b的KYSE150细胞),miR-NC组(转染随机序列)和miR-106b组(转染miR-106b的… 
采用实时荧光定量聚合酶联反应(qRT-PCR)和免疫印迹(Western Blot)检测miR-106b和EMT的…"
42,"miR-106b","miR-106b 在卵巢浆液性癌发生发展中的作用","","2015",NA,"… 性癌组织中miR-106b表达情况;转染miR-106b的mimics作用于SKOV3细胞,应用生长曲线,克隆
形成,侵袭实验检测miR-106b对细胞增殖和侵袭的影响.结果:原位杂交实验显示,miR-106b在卵巢…"
42,"miR-106b","反义抑制 miR-106b 表达对人脑胶质瘤细胞增殖和侵袭的影响","","2015",NA,"… miR-106b inhibitors组(简称106b inh组).将反义miR-106b用脂质体转染于人脑胶质瘤细胞中,抑制miR-106b… 采用实时定量PCR法检测转染后胶质瘤细胞miR-106b的表达,流式细胞术检测细胞…"
42,"miR-106b","[ЦИТИРОВАНИЕ][C] 胃癌中 miR-106b-25 的表达及生物学行为特征的研究","","2015",NA,""
42,"miR-106b","结直肠癌中 miR-106b 增强肿瘤细胞放疗抵抗作用机制的初步分析","","2018",NA,": 目的探讨结直肠癌中mi R-106b 增强肿瘤细胞放疗抵抗作用机制. 方法采用RT-PCR 技术检测
结直肠癌细胞株当中的mi R-106b 的表达, 分析其对放疗抵抗的影响. 结果检测SW620 细胞放疗…"
42,"miR-106b","卵巢癌中 E2F1 通过影响 miR-106b-5P 调节 RhoC 的表达","","2017",NA,"… 摘要:目的探讨卵巢癌中E2F1,miR-106b-5P以及… miR-106b-5P表达水平的相关关系;OVCAR3和
A2780细胞中转染或沉默E2F1,通过RT-PCR检测miR-106b-5P和RhoC的表达,转染miR-106b-…"
42,"miR-106b","子宫内膜癌组织中 miR-106b, DAB2 表达与临床病理及预后的相关性","","2018",NA,"… 癌组织中微小RNA106b(miR-106b)与残疾基因同源… miR-106b,DAB2表达,免疫组化法检测
子宫内膜组织中DAB2蛋白表达.根据miR-106b表达量分为高表达组与低表达组,观察分析miR-106b,…"
45,"miR-106b","miR-106b 的免疫调节及其与自噬和凋亡关系的研究进展","","2014",NA,"micro RNAs(mi RNAs)是一类长度为21~25个核苷酸的内源性非编码小RNAs,在转录后水平上
负向调控基因的表达.micro RNA-106b(mi R-106b)作为mi RNAs的一员,其免疫调节功能可通过…"
45,"miR-106b","白皮杉醇调控 miR-106b-5p/RUNX3 轴对宫颈癌细胞 迁移及侵袭的影响.","","2023",NA,"… 作用是否受miR-106b-5p表达的 调节,本研究在上调miR-106b-5p 的同时使用PIC 处理Hela 
细胞,发现上调miR-106b-5p 可逆转PIC 的抗肿瘤效应,提示PIC 可能通过下调miR-106b5p 表达对…"
45,"miR-106b","[CITATION][C] 尿液 miR-106b-25 基因簇在膀胱癌中的诊断应用价值","","2015",NA,""
45,"miR-106b","[CITATION][C] 结直肠癌中 miR-106b 增强肿瘤细胞放疗抵抗作用机制的初步研究","","2014",NA,""
45,"miR-106b","miR-106b 在非小细胞肺癌细胞 A549 中的表达变化及意义","","2017",NA,"… 高于miR-106b抑制物组,FUT6 mRNA及蛋白相对表达量均低于miR-106b抑制物组,但miR-106b… 
结论非小细胞肺癌细胞A549中miR-106b表达升高;过表达miR-106b可能通过下调FUT6表达而…"
45,"miR-106b","[CITATION][C] 人精浆 miR-106b 与男性不育的相关性及机制研究","","2017",NA,""
45,"miR-106b","[CITATION][C] miR-106b-5p 对人结直肠癌 HT-29 细胞迁移和侵袭的影响及作用机制研究","","2022",NA,""
45,"miR-106b","[CITATION][C] miR-93-5p 和 miR-106b-5p 在酒精相关性肝癌中的表达及其临床意义","","2021",NA,""
45,"miR-106b","miR-106b-93-25 簇对子宫内膜癌细胞的调控作用研究.","","2015",NA,"… expression of the miRNA cluster miR-106b-93-25 (comprised of miR-106b, miR-93 and 
miR-… are the target genes of miR-106b and miR-93, respectively. The miR-106b-93-25 cluster …"
45,"miR-106b","[PDF][PDF] 血浆 miR-106b, miR-146a 表达水平与癫痫患儿脑电图参数, Th17 细胞和凋亡分子的相关性分析","","2021",NA,"… miR-106b 是神经炎性反应和神经元凋亡调控基因,miR-106b 高表达与 孤独症谱系障碍患儿
神经系统炎性反应加剧有关[18],miR-106b … 目前miR-106b 在癫痫中的相关报道十分少见,本研究…"
46,"miR-106b","MiR-106b 对非小细胞肺癌 A549 细胞增殖及凋亡影响的研究","","2016",NA,"… 结果在NSCLC细胞株A549中miR-106b的表达明显高于正常支气管上皮细胞16HBE.MTT结果
显示,转染了miR-106b模拟物后细胞的增殖能力明显增高,而转染了miR-106b抑制物后细胞增殖…"
46,"miR-106b","[CITATION][C] miR-106b-5p 抑制黑色素瘤细胞增殖功能的初步研究","","2015",NA,""
46,"miR-106b","[CITATION][C] miR-106b, miR-93 靶向调控 PTEN 通过 PI3K/Akt 通路在乳腺癌进展中的研究","","2017",NA,""
46,"miR-106b","早孕小鼠胚胎着床窗口期子宫内膜 mmu-miR-106b 表达规律及其作用","","2013",NA,"… ,利用Western blot确定mmu-miR-106b在子宫内膜中的靶基因.结果:mmu-miR-106b在小鼠孕6 
d… ),定位于子宫内膜基质细胞;上调mmu-miR-106b会促进子宫内膜基质细胞的增殖,下调其表达会…"
46,"miR-106b","胶质瘤组织中 hsa-miR-106b 的表达与功能的初步研究","","2012",NA,"… 脑组织中hsa-miR-106b表达明显高于胶质瘤组织(P=0.013);胶质瘤组织的恶性程度越高,hsa-miR-106b表达
越高(P=0.003).结论:hsa-miR-106b高表达在脑胶质瘤的发生,发展中起重要作用. …"
46,"miR-106b","[CITATION][C] miR-20a/106b 对成肌细胞增殖和分化作用的研究","","2014",NA,""
46,"miR-106b","[CITATION][C] circITCH 靶向 miR-106b-5p 对高糖诱导的肾小管上皮细胞 IL-6, TNF-α 表达和细胞凋亡的影响","","2022",NA,""
46,"miR-106b","[PDF][PDF] miR-106b 对人肝癌细胞 HepG2 细胞迁移和侵袭能力的影响","","2018",NA,"… 血清miR-106b表达明显低 于慢性乙肝及肝硬化患者[2],给miR-106b对HCC的临 … miR-106b-in 
组,形态学上也显示 miR-106b 组细胞的延展性普遍优于NC 组和 miR-106b-in组,说明miR-106b…"
46,"miR-106b","[CITATION][C] miR-106b 通过 SOCS7 调节 PBC 患者 PBMC 中 1 型干扰素信号通路","","2014",NA,""
46,"miR-106b","miR-106b 对 HeLa 细胞顺铂化疗敏感性的影响","","2013",NA,"… miR-106b对宫颈癌HeLa细胞顺铂化疗敏感性的影响.方法:采用实时定量PCR检测转染miR-106b抑制
剂和类似物后HeLa细胞中miR-106b… 结果:miR-106b抑制剂可减少HeLa细胞中miR-106b…"
47,"miR-106b","miR-106b 对脂多糖诱导活化的人单核巨噬细胞分泌 TNF-α 的影响及机制研究","","2018",NA,"… 学预测miR-106b作用的靶蛋白可能为信号调节蛋白α(SIRPα).流式细胞检测结果显示,与NC对照
组和Lp s组比较,miR-106b组的THP1细胞SIRPα表达量明显下降(均P<0.05).结论miR-106b可…"
47,"miR-106b","Hsa-miR-106b-25 簇的靶基因预测及生物信息学分析","","2015",NA,"… 摘要:目的Hsa-miR-106b-25簇涉及肿瘤的多种生物学过程,文中对hsa-miR-106b-25簇:miR-106b,… 
方法应用miRBase数据库获取miR-106b,miR-93及miR-25的序列信息,选择Target Scan,Pic …"
47,"miR-106b","结直肠癌患者血清 miR-106b-5p 水平及临床意义","","2019",NA,"… miR-106b-5p诊断结直肠癌的ROC曲线下面积为0.845,最佳诊断阈值为2.08,敏感度为83.7%,特异
度为82.1%.血清miR-106b… ,远处转移者血清miR-106b-5p水平高;血清miR-106b-5p水平与结…"
47,"miR-106b","[CITATION][C] miR-106b-3p 靶向 ZNRF3 调控食管鳞癌恶性生物学行为及分子机制研究","","2019",NA,""
47,"miR-106b","hsa_circ_RNA0023397 和 miR-106b 在活动性克罗恩病肠黏膜组织中的表达及意义","","2018",NA,": 目的: 检测hsa_circ_0023397 和miR-106b 在克罗恩病(Crohn's disease, CD) 中的表达及其
与自噬的关系, 为CD 的分子诊断和靶向治疗提供新思路. 方法: 在环状RNA 芯片检测的基础上, …"
47,"miR-106b","[CITATION][C] 弱精子症和非梗阻性无精子症患者精浆中 miR-106b-5p 和 miR-202-3p 的表达检测及临床价值","","2022",NA,""
47,"miR-106b","[CITATION][C] MiR-106b-5p 对胃癌细胞增殖与凋亡的影响","","2018",NA,""
47,"miR-106b","[CITATION][C] 人乳头瘤病毒阳性宫颈癌患者血清 miR-106b-5p 和 miR-497-5p 表达变化及意义","","2021",NA,""
47,"miR-106b","[HTML][HTML] 西妥昔单抗不同给药策略对 RAS 野生型 CRC 肝转移患者缓解率及 MMPs, miR-106b-5p, PCAT-1, 不良反应的影响","","2022",NA,"… 基于欧美CRC患者的治疗方案对亚洲人群是否同样受用, 还需大量研究证实, 本文首次探讨西
妥昔单抗不同给药策略对RAS野生型CRC肝转移患者缓解率及基质金属蛋白酶(matrix …"
47,"miR-106b","miR-106b 通过 PI3K/Akt/mTOR 信号通路对 Hcy 诱导的 VSMCs 细胞增殖和迁移的影响","","2020",NA,"… 方法通过qRT-PCR实验检测患病组和对照组患者血清miR-106b及细胞中miR-106b的表达
情况,… miR-106b与PI3K/Akt/mTOR信号通路的关系.结果qRT-PCR实验显示,与对照组相比,miR-106b…"
48,"miR-106b","[CITATION][C] miR-106b-93-25 簇在子宫内膜癌恶性表型中作用机制的研究","","2010",NA,""
48,"miR-106b","[PDF][PDF] 慢性閉塞性肺疾患 (COPD) におけるバイオマーカーとしての血清 miR-106b の意義","","2012",NA,"… miRNAの中からmiR-106bについて個別PCRを行っ た. [結果と考察] COPD 患者の血清 miR-106b 
は,健 常者と比較して有意に低下していた.血清 miR- … COPD 患者では喫煙期間が長期に …"
48,"miR-106b","miR-106b-25 基因簇在小鼠肝泡型包虫病中的表达","","2016",NA,"… 摘要:目的探讨miR-106b-25基因簇(miR-93,miR-106b)在肝泡型包虫病中的… 和miR-106b的
相对表达量,预测miR-93和miR-106b的靶基因.结果在感染3月实验组小鼠的肝内miR-93和miR-106b…"
48,"miR-106b","[CITATION][C] MiR-106b 在 ATD 致粒细胞缺乏发生中的作用及机制","","2015",NA,""
48,"miR-106b","[CITATION][C] MiR-106b 在类风湿关节炎骨关节破坏中的作用及机制研究","","2016",NA,""
48,"miR-106b","[CITATION][C] 食管鳞癌组织 miR-106b, Smad7 表达变化及其与患者临床病理特征和预后的关系","","2017",NA,""
48,"miR-106b","[CITATION][C] hsa_circ_0023397 和 miR-106b 在活动性克罗恩病肠黏膜组织中的表达","","2018",NA,""
48,"miR-106b","[CITATION][C] 小鼠肝泡型包虫病中 miRNAs 表达谱的初步筛选及 miR-106b-25 基因簇的表达和意义","","2013",NA,""
48,"miR-106b","miR-106b 及 EZH2 对 HepG2 细胞生长的影响及机制","","2017",NA,"… 素酶法证实miR-106b是否靶向结合EZH2.结果与永生化的肝细胞LO2相比,miR-106b在肝癌
细胞中表达量增加;miR-106b mimic促进HepG2细胞增殖和抑制凋亡;miR-106b inhibitor能导致…"
48,"miR-106b","miR-106b 表达下调介导疟疾红内期疫苗免疫保护性下降","","2018",NA,"… 小鼠血清中miR-106b的表达也呈现… miR-106b mimic后TACI表达增高.结论疟原虫红内期
感染后控制疫苗保护性降低与血清中miR-106b及脾脏MBCs表面TACI表达降低有关,提高miR-106b…"
49,"miR-106b","急性缺血性脑卒中患者血清 miR-106b-5p 的异常表达及意义","","2015",NA,"… 急性IS患者及50例NC血清中miR-106b-5p的含量.通过分析受试者工作特征曲线(ROC)判断miR-106b-5p在急性IS诊断中的敏感性和特异性.结果IS组患者血清miR-106b-5p含量(67.13±4.13)…"
49,"miR-106b","甲状腺癌中 miR-106b 负性调控 FAM129A 基因表达的作用及机制","","2016",NA,"… FAM129A蛋白的表达,miR-106b能够特异性地结合FAM129A基因的3'UTR,并抑制荧光素酶
活性.结论miR-106b与FAM129A基因的表达异常与甲状腺癌的发生相关,miR-106b在甲状腺癌细胞…"
49,"miR-106b","[CITATION][C] 石蜡切片标本中 miR-106b-5p 作为肾透明细胞癌预后标志物的研究","","2021",NA,""
49,"miR-106b","MikroRNA miR-106b nin ifadesinin artmasının meme kanseri üzerine olan etkisi","S Banerjee, AE Erson Bensan, M Muyan","2013",NA,"Laboratuvarımızdaki çalışmalar, meme kanserine yol açan muhtemel moleküler 
mekanizmaları çözümlemek üzerine temellendirilmiştir. Bu bağlamda, mikroRNA regülasyon …"
49,"miR-106b","[CITATION][C] 早孕小鼠胚胎着床前后子宫内膜 microRNAs 差异表达及 miR-106b 表达规律研究","","2010",NA,""
49,"miR-106b","[CITATION][C] 幽门螺杆菌脂多糖调控胃癌细胞的 miR-375, miR-106b 表达及其机制研究","","2012",NA,""
49,"miR-106b","[CITATION][C] miR-106b 在喉癌中对 RUNX3 表达的调控及其机制研究","","2013",NA,""
49,"miR-106b","[CITATION][C] 喉鳞状细胞癌中 mir-93, mir-106b 表达与 wnt/β-catenin 通路靶蛋白研究","","2012",NA,""
49,"miR-106b","[CITATION][C] Hsa-miR-106b 对子宫内膜癌细胞株 HEC-1B 细胞周期影响的研究","","2012",NA,""
49,"miR-106b","[CITATION][C] miR-106b~ 25 cluster 下调 EP300 诱导乳腺癌细胞产生非 ABC 转运蛋白家族依赖性多药耐药性","","2017",NA,""
50,"miR-106b","[CITATION][C] MiR-106b 调控靶基因 Smad7 通过 EMT 促进食管鳞癌的侵袭和转移","","2016",NA,""
50,"miR-106b","[CITATION][C] 针刺结合亚低温对脑缺血再灌注损伤大鼠脑缺血侧海马区差异 miRNA 功用及 miR-106b-5p 表达的影响","","2021",NA,""
50,"miR-106b","[CITATION][C] LncRNA GAS5 通过 miR-106b 调控宫颈癌放疗敏感性的研究","","2019",NA,""
50,"miR-106b","REGULASI HSA-MIR-106B-5P TERHADAP TGF-BETA RESEPTOR 2 SEBAGAI KANDIDAT BIOMARKER NONINVASIF KANKER PROSTAT","CH BONNU","2020",NA,"… -miR-106b-5p in prostate cancer and BPH Indonesian patients and to determine the targeted 
gene of hsa-mir-106b-… are quantification of the hsa-miR-106b-5p expression with nCounter …"
50,"miR-106b","[CITATION][C] LncRNA-MALAT1 通过调控 miR-106b-5p 介导结直肠癌细胞对 5-氟尿嘧啶耐药机制研究","","2021",NA,""
50,"miR-106b","[CITATION][C] miR-106b-5p 靶向调控 SETD2 基因对肾透明细胞癌细胞生物学行为的影响及机制研究","","2015",NA,""
50,"miR-106b","[PDF][PDF] miR-106b 介导 RANKL/RANK/OPG 通路抗骨质疏松症的实验研究","","王正君， 白马恒 - 河北医学 - hbyxzzs.cn",NA,"… The 51 rats successfully modeled were randomly divided into model groupꎬ miR-106b 
mimics-NC groupꎬ miR-106b mimics groupꎬ miR-106b inhibitor-NC group and miR-106b …"
50,"miR-106b","UJI AKTIVITAS miR-106b-5p DALAM SEDIAAN NANOPARTIKEL KITOSAN PADA CELL LINE KANKER PAYUDARA T47D","LDWI RIZKITA","2020",NA,"… Beberapa miRNA telah dipetakan pada kanker payudara dan miR-106b-5p termasuk … 
been mapped and miR-106b-5p is notably known as oncomiR. High level of miR-106b-5p could …"
50,"miR-106b","[CITATION][C] 长链非编码 RNA NR2F2-AS1 通过吸附 miR-106b-5p 上调 PLEKHO2 抑制结直肠癌的迁移侵袭","","2020",NA,""
51,"miR-106b","[CITATION][C] miR-20a/106b 影响成肌细胞的增殖和分化","","2014",NA,""
51,"miR-106b","[CITATION][C] LncRNA HOTAIRM1 通过 miR-106b-5p/RUNX3 调控骨髓间充质干细胞软骨向分化的研究","","2020",NA,""
51,"miR-106b","[CITATION][C] 联合靶向阻断 miR-29b/92b/106b 抑制胃癌细胞生长及迁移","","2018",NA,""
51,"miR-106b","[CITATION][C] 肺动脉平滑肌细胞外泌体上调 miR-106b-5p 增强肺动脉内皮细胞 Warburg 效应促进动脉型肺动脉高压的分子机制","A MAIMAITI, GAO Jing, YU Zixiang, Y MA","2023",NA,""
51,"miR-106b","[CITATION][C] BRD4 抑制剂通过 BRD4/miR-106b-5p/P21 分子轴特异性抑制野生型 Kras 分化型甲状腺癌发展","","2021",NA,""
51,"miR-106b","[CITATION][C] بررسی بیان شاخصهای ژن miR-29، miR-346، miR-429 و miR-106b در نمونههای بیماران با آسیب حاد کلیوی و ارتباط آن با شدّت بیماری","","اصغری - دانشگاه علوم پزشکی تبریز، دانشکده …",NA,""
51,"miR-106b","[CITATION][C] تعیین میزان بیان ژ ن talin2؛ MMP-2, mir-106b, mir-194, در رده سلولی MDA-MB-231 بعد از تیمار با DHA","","جوادیان - دانشگاه علوم پزشکی تبریز، دانشکده …",NA,""
51,"miR-106b","[CITATION][C] ALIMENTARY TRACT 遺伝子増幅により活性化された miR-106b-25 polycistron は, P21 と Bim を抑制することにより癌遺伝子として働いている","","2009",NA,"… ALIMENTARY TRACT 遺伝子増幅により活性化されたmiR-106b-25 polycistronは,P21とBimを
抑制することにより癌遺伝子として働いている … ALIMENTARY TRACT イデンシ ゾウフク ニ ヨリ …"
51,"miR-106b","[CITATION][C] IL-37 调控 miR-106b-5p/PTEN 抑制肾细胞癌细胞生物学行为","","顾鹏， 陶维雄， 彭伟， 魏世平 - 中国免疫学杂志",NA,""
51,"miR-106b","[CITATION][C] B 型肝炎病毒 X 蛋白透過調控 miR-106b 的表現以及促進肝癌腫瘤發展之探討","","2015",NA,""
