"page","term","title","authors","year","n_citations","abstract"
1,"let-7f-2","Upregulation of let-7f-2-3p by long noncoding RNA NEAT1 inhibits XPO1-mediated HAX-1 nuclear export in both in vitro and in vivo rodent models of doxorubicin …","Y Liu, C Duan, W Liu, X Chen, Y Wang, X Liu, J Yue","2019",19,"… Here we demonstrate that upregulation of miRNA let-7f-2-… let-7f-2-3p were selected from 
the Dox or vehicle-treated cardiomyocytes. TargetScan and luciferase assay showed that let-7f-2…"
1,"let-7f-2","[HTML][HTML] Genetic variation within the pri-let-7f-2 in the X chromosome predicting stroke risk in a Chinese Han population from Liaoning, China: From a case-control …","Y Wang, L Qiu, Y Wang, Z He, X Lan, L Cui","2022",1,"… In particular, the pri-let-7f-2 rs17276588 polymorphism on … However, the relationship between 
the pri-let-7f-2 rs17276588 … role of the pri-let-7f-2 rs17276588 polymorphism in predicting …"
1,"let-7f-2","[PDF][PDF] Wirkung der mikroRNAs miR-30a-5p und let-7f-2-3p auf die Angiogenese in vitro durch Regulation von CCM3","A Eikenbusch","2021",NA,"… Zusammenfassend ergeben sich Hinweise, dass CCM3 von miR-103a- 3p, miR-30a-5p 
und let-7f-2-3p reguliert wird und dass besonders miR-30a-5p proangiogene Eigenschaften …"
1,"let-7f-2","[CITATION][C] Wirkung der mikroRNAs miR-30a-5p und let-7f-2-3p auf die Angiogenese in vitro durch Regulation von CCM3","AM Grimm","2019",NA,""
